ID,Country/Region of Origin,Farm Name,Lot Number,Mill,ICO Number,Company,Altitude,Region,Producer,Number of Bags,Bag Weight,In-Country Partner,Harvest Year,Grading Date,Owner,Variety,Status,Processing Method,Aroma,Flavor,Aftertaste,Acidity,Body,Balance,Uniformity,Clean Cup,Sweetness,Overall,Defects,Total Cup Points,Moisture Percentage,Category One Defects,Quakers,Color,Category Two Defects,Expiration
0,Colombia,Finca El Paraiso,CQU2022015,Finca El Paraiso,,Coffee Quality Union,1700-1930,"Piendamo,Cauca",Diego Samuel Bermudez,1,35 kg,Japan Coffee Exchange,2021 / 2022,"September 21st, 2022",Coffee Quality Union,Castillo,Completed,Double Anaerobic Washed,8.58,8.5,8.42,8.58,8.25,8.42,10,10,10,8.58,0,89.33,11.8,0,0,green,3,"September 21st, 2023"
1,Taiwan,Royal Bean Geisha Estate,"The 2022 Pacific Rim Coffee Summit,T037",Royal Bean Geisha Estate,,Taiwan Coffee Laboratory,1200,Chiayi,?????????,1,80 kg,Taiwan Coffee Laboratory ?????????????????????,2021 / 2022,"November 15th, 2022",Taiwan Coffee Laboratory ?????????????????????,Gesha,Completed,Washed / Wet,8.5,8.5,7.92,8,7.92,8.25,10,10,10,8.5,0,87.58,10.5,0,0,blue-green,0,"November 15th, 2023"
2,Laos,OKLAO coffee farms,"The 2022 Pacific Rim Coffee Summit,LA01",oklao coffee processing plant,,Taiwan Coffee Laboratory,1300,Laos Borofen Plateau,WU TAO CHI,19,25 kg,Taiwan Coffee Laboratory ?????????????????????,2021 / 2022,"November 15th, 2022",Taiwan Coffee Laboratory ?????????????????????,Java,Completed,Semi Washed,8.33,8.42,8.08,8.17,7.92,8.17,10,10,10,8.33,0,87.42,10.4,0,0,yellowish,2,"November 15th, 2023"
3,Costa Rica,La Cumbre,CQU2022017,La Montana Tarrazu MIll,,Coffee Quality Union,1900,"Los Santos,Tarrazu",Santa Maria de Dota,1,22 kg,Japan Coffee Exchange,2022,"September 21st, 2022",Coffee Quality Union,Gesha,Completed,Washed / Wet,8.08,8.17,8.17,8.25,8.17,8.08,10,10,10,8.25,0,87.17,11.8,0,0,green,0,"September 21st, 2023"
4,Colombia,Finca Santuario,CQU2023002,Finca Santuario,,Coffee Quality Union,1850-2100,"Popayan,Cauca",Camilo Merizalde,2,24 kg,Japan Coffee Exchange,2022,"March 6th, 2023",Coffee Quality Union,Red Bourbon,Completed,"Honey,Mossto",8.33,8.33,8.08,8.25,7.92,7.92,10,10,10,8.25,0,87.08,11.6,0,2,yellow-green,2,"March 5th, 2024"
5,Guatemala,La Colina,"The 2022 Pacific Rim Coffee Summit,GT02",Din??mica Caf??,,Taiwan Coffee Laboratory,1668,Chimaltenango,Emilio Antonio Medina Garcia,5,30 kg,Taiwan Coffee Laboratory ?????????????????????,2022,"November 15th, 2022",Taiwan Coffee Laboratory ?????????????????????,Gesha,Completed,Washed / Wet,8.33,8.33,8.25,7.83,7.83,8.17,10,10,10,8.25,0,87,10.7,0,0,green,2,"November 15th, 2023"
6,Taiwan,????????????????????? Melastoma Coffee Estate,"The 2022 Pacific Rim Coffee Summit,T034",???????????????,,Taiwan Coffee Laboratory,1250,Chiayi,?????????,1,27 kg,Taiwan Coffee Laboratory ?????????????????????,2021 / 2022,"November 15th, 2022",Taiwan Coffee Laboratory ?????????????????????,Gesha,Completed,Washed / Wet,8.33,8.17,8.08,8,7.83,8.25,10,10,10,8.25,0,86.92,9.1,0,0,green,0,"November 15th, 2023"
7,Taiwan,???????????????????????? Chi Tsai Liu Li Ecological Farm,"The 2022 Pacific Rim Coffee Summit,T050",????????????????????????,,Taiwan Coffee Laboratory,1200,Chiayi,?????????,1,90 kg,Taiwan Coffee Laboratory ?????????????????????,2021 / 2022,"November 15th, 2022",Taiwan Coffee Laboratory ?????????????????????,Sl34+Gesha,Completed,Natural / Dry,8.25,8.25,8.17,8,7.92,8.08,10,10,10,8.08,0,86.75,10,0,0,yellow green,1,"November 15th, 2023"
8,Taiwan,?????????????????? Liang Xuan Coffee Farm,"The 2022 Pacific Rim Coffee Summit,T018",??????????????????,,Taiwan Coffee Laboratory,1250,Chiayi,?????????,1,30 kg,Taiwan Coffee Laboratory ?????????????????????,2021 / 2022,"November 15th, 2022",Taiwan Coffee Laboratory ?????????????????????,SL34,Completed,Washed / Wet,8.08,8.08,8.25,8.08,7.92,8,10,10,10,8.25,0,86.67,10.8,0,0,greenish,0,"November 15th, 2023"
9,"Tanzania, United Republic Of",MASHIMA AMCOS,CN 4127230034/4189230113,GOURMET COFFEE MILL,033/DE/503/002 and 033/DE/268/002,DORMAN (T) LIMITED,1400-1700,KILIMANJARO,DORMAN (T) LIMITED,320,60 kg,Kenya Coffee Traders Association,2022 / 2023,"February 1st, 2023",Gilbert Maina,Bourbon,Completed,Washed / Wet,8.08,8.17,8.08,8.17,8,8,10,10,10,8,0,86.5,11,0,0,greenish,0,"February 1st, 2024"
10,Ethiopia,TADE GG,010/0296/600,Moledo????€€???????????????,010/0296/600,"Marubeni corp.,",1800-2200,Guji,Tesfaye Bekele Degaga,10,30 kg,Japan Coffee Exchange,2021 / 2022,"May 31st, 2022",ERI ASAEDA,Ethiopian Heirlooms,Completed,Natural / Dry,8.08,8.25,8,8.08,7.92,7.92,10,10,10,8,0,86.25,11.8,0,1,greenish,1,"May 31st, 2023"
11,Guatemala,Karen Acajabon Coffee Farm,"The 2022 Pacific Rim Coffee Summit,GT12",Cafetoland,,Taiwan Coffee Laboratory,2000,Acatenango,Karen Acajabon,5,15 kg,Taiwan Coffee Laboratory ?????????????????????,2021,"November 15th, 2022",Full Sweet Coffee,Gesha,Completed,Natural / Dry,8.08,8,8,7.75,8.25,8.17,10,10,10,8,0,86.25,11.5,0,0,brownish,1,"November 15th, 2023"
12,Taiwan,?????????????????? Goodfun Coffee Farm,"The 2022 Pacific Rim Coffee Summit,T051",??????????????????,,Taiwan Coffee Laboratory,1250,Yunlin,?????????,1,60 kg,Taiwan Coffee Laboratory ?????????????????????,2021 / 2022,"November 15th, 2022",Goodfun,Gesha,Completed,Washed / Wet,8.08,8,8.08,8.08,8,8,10,10,10,8,0,86.25,11.9,0,0,green,0,"November 15th, 2023"
13,Ethiopia,Gelana Geisha,"Grade 1, Guji, Natural, Gelana Geisha",Dry Mill or Hulling Facility,010/0475/0207,Kerchanshe Trading PLC,1900-2000,Guji,Kerchanshe,40,60 kg,METAD Agricultural Development plc,2021 / 2022,"August 26th, 2022",Isreal Degefa,Gesha,Completed,Natural / Dry,7.67,8.17,8,8.33,8,8,10,10,10,8,0,86.17,11.6,0,3,yellow- green,2,"August 26th, 2023"
14,Colombia,La Gaitania,"The 2022 Pacific Rim Coffee Summit,CO03",La Gaitania,,Taiwan Coffee Laboratory,1850,tolima,Josue Enciso Suarez,70,35 kg,Taiwan Coffee Laboratory ?????????????????????,2021 / 2022,"November 15th, 2022",PeiHsun Lin,Caturra,Completed,Washed / Wet,8.08,8,8.08,7.92,8.08,8,10,10,10,8,0,86.17,10.6,0,0,green,0,"November 15th, 2023"
15,Taiwan,??????????????????,"The 2022 Pacific Rim Coffee Summit,T014",??????????????????,,Taiwan Coffee Laboratory,1100,Chiayi,?????????,1,60 kg,Taiwan Coffee Laboratory ?????????????????????,2021 / 2022,"November 15th, 2022",Taiwan Coffee Laboratory ?????????????????????,SL34,Completed,Pulped natural / honey,8.17,8.08,8,7.92,8,7.92,10,10,10,8,0,86.08,10.2,0,0,green,0,"November 15th, 2023"
16,Ethiopia,Halo Bariti Cooprative,CQU2023006,Halo Bariti Cooprative,,Coffee Quality Union,1900-2100,"Gedeb,Yirgacheffe,Sidamo",Halo Bariti Cooprative,8,5 kg,Japan Coffee Exchange,2022,"April 7th, 2023",Coffee Quality Union,"Wolishalo,Kurume,Dega",Completed,Washed / Wet,8.17,8.08,7.92,8.17,7.75,7.92,10,10,10,8.08,0,86.08,11.3,0,2,green,2,"April 6th, 2024"
17,Taiwan,??????????????????,202203,yes,non,Dongbi coffee,1300,"Shibi, Gukeng Township, Yunlin County ????????€??? , Taiwan (R.O.C.)",?????????,5,2 kg,Blossom Valley International????????????,2022,"October 24th, 2022",Dongbi,Gesha,Completed,Natural / Dry,8,8.17,8,7.92,7.92,7.92,10,10,10,8.17,0,86.08,10.3,0,0,yellow-green,0,"October 24th, 2023"
18,Taiwan,???????????????????????????,202112,yes,non,????????????????????????,1200,"Gukeng Township, Yunlin County",????€????,8,1 kg,Blossom Valley International????????????,2021 / 2022,"October 24th, 2022",????€????,Gesha,Completed,Natural / Dry,8.08,8.17,7.75,7.92,7.83,8,10,10,10,8.17,0,85.92,11,0,0,brownish,1,"October 24th, 2023"
19,"Tanzania, United Republic Of",BURKA,CN 4127230032/P-9140,GOURMET COFFEE MILL,033/DE/163/001,DORMAN (T) LIMITED,1570-1600,Arusha,DORMAN (T) LIMITED,200,30 kg,Kenya Coffee Traders Association,2022 / 2023,"February 1st, 2023",Gilbert Maina,Bourbon,Completed,Washed / Wet,8.17,8,7.92,7.92,8.17,7.75,10,10,10,7.92,0,85.83,10,0,0,greenish,0,"February 1st, 2024"
20,Guatemala,Finca Vista Hermosa,"The 2022 Pacific Rim Coffee Summit,GT03",El Vergel,,Taiwan Coffee Laboratory,1900,"Guatemala, Fraijanes, Santa Rosa",Fredy Orantes,8,30 kg,Taiwan Coffee Laboratory ?????????????????????,2021 / 2022,"November 15th, 2022",Carlos Pascual - ?????????,Gesha,Completed,Natural / Dry,8,7.92,8.08,7.92,7.75,8,10,10,10,8.08,0,85.75,11.6,0,0,yellowish,0,"November 15th, 2023"
21,Taiwan,?????????????????????Uncle Chung.s Coffee Farm,2022/03,?????????????????????Uncle Chung.s Coffee Farm,,Taiwan Coffee Laboratory,850,?????????Zhuoxi Township,????????? YU TING YU,1,20 kg,Taiwan Coffee Laboratory ?????????????????????,2022,"December 12th, 2022",Yu Ting Yu ?????????,Typica,Completed,Natural / Dry,8.08,8,7.92,7.92,8,7.83,10,10,10,7.92,0,85.67,10.4,0,0,green,0,"December 12th, 2023"
22,Thailand,Hom Doi,1,Machines to peel outer skin of the cherry coffee and coffee is dried manually,,Lyrose,1500-1700,Chiang Mai,Lisu farmers,2,1 kg,FABB Academy of Coffee,2021 / 2022,"August 16th, 2022",Christian Charmette,Catimor,Completed,Pulped natural / honey,7.67,8,7.83,8,8.08,8,10,10,10,8.08,0,85.67,9.8,0,0,browish-green,5,"August 16th, 2023"
23,Colombia,El Diamante,CQU2023005,El Diamante,,Coffee Quality Union,1350,Quindio,Farm Bedoya Arango,6,5 kg,Japan Coffee Exchange,2022,"April 7th, 2023",Coffee Quality Union,Castillo Paraguaycito,Completed,,8.08,8,7.83,8.17,7.75,7.83,10,10,10,8,0,85.67,11.3,0,0,brownish,2,"April 6th, 2024"
24,Taiwan,??????????????????,"The 2022 Pacific Rim Coffee Summit, T003",??????????????????,,Taiwan Coffee Laboratory,1250,Yunlin,?????????,4,50 kg,Taiwan Coffee Laboratory ?????????????????????,2021 / 2022,"November 15th, 2022",Taiwan Coffee Laboratory ?????????????????????,SL34,Completed,Washed / Wet,7.83,8,7.92,8,8,7.92,10,10,10,7.92,0,85.58,10.6,0,0,bluish-green,0,"November 15th, 2023"
25,Brazil,Fazenda Recreio,Arara 1,Dry mill,,"WIT wealth, investments & trust",1250,Regi??o Vulc??nica,Diogo T. Dias de Macedo,25,60 kg,Brazil Specialty Coffee Association,2022,"January 6th, 2023",Andre Clark,,Completed,Pulped natural / honey,7.83,8.08,7.83,7.92,8,7.83,10,10,10,8,0,85.5,11.3,2,0,green,3,"January 6th, 2024"
26,Taiwan,?????????ZouZhouYuan,"The 2022 Pacific Rim Coffee Summit,T024",?????????ZouZhouYuan,,Taiwan Coffee Laboratory,1300,Chiayi,???????€?,1,100 kg,Taiwan Coffee Laboratory ?????????????????????,2021 / 2022,"November 15th, 2022","Fang, Cheng Lun ???????€?",Gesha,Completed,Natural / Dry,7.92,7.92,8,7.92,7.83,7.92,10,10,10,8,0,85.5,9.1,0,0,green,2,"November 15th, 2023"
27,Taiwan,??????????????????,"The 2022 Pacific Rim Coffee Summit,T048",??????????????????,,Taiwan Coffee Laboratory,1200,Yunlin,?????????,1,90 kg,Taiwan Coffee Laboratory ?????????????????????,2021 / 2022,"November 15th, 2022","Jhih Hao,GUO ?????????",Gesha,Completed,Natural / Dry,8.17,8.08,7.92,8,7.58,7.83,10,10,10,7.92,0,85.5,10.6,0,0,green,0,"November 15th, 2023"
28,Taiwan,?????????????????????,"The 2022 Pacific Rim Coffee Summit,T045",?????????????????????,,Taiwan Coffee Laboratory,1060,Chiayi,?????????,1,85 kg,Taiwan Coffee Laboratory ?????????????????????,2021 / 2022,"November 15th, 2022",Taiwan Coffee Laboratory ?????????????????????,Gesha,Completed,Natural / Dry,8,8,8,7.92,7.75,7.92,10,10,10,7.92,0,85.5,10.2,0,0,blue-green,0,"November 15th, 2023"
29,United States (Hawaii),Hokukano Ranch,"The 2022 Pacific Rim Coffee Summit,US01",Kona Coffee & Tea,,Taiwan Coffee Laboratory,600,Kona,Kona Hills LLC,80,15 kg,Taiwan Coffee Laboratory ?????????????????????,2021 / 2022,"November 15th, 2022",Taiwan Coffee Laboratory ?????????????????????,Typica,Completed,Washed / Wet,8,7.92,8,7.83,7.67,8,10,10,10,8,0,85.42,9.3,0,0,green,0,"November 15th, 2023"
30,Taiwan,??????????????????Siang-Ting Organic Farm,2022/3/1(?€????),??????????????????Siang-Ting Organic Farm,,Taiwan Coffee Laboratory,150-250,?????????Shoufeng Township,????€????Zhang Jin-Yi,3,48 kg,Taiwan Coffee Laboratory ?????????????????????,2022,"December 12th, 2022",Zhang Jin Yi ????€????,Typica,Completed,Washed / Wet,8,8,7.83,7.83,7.75,7.92,10,10,10,8.08,0,85.42,11.4,0,0,bluish-green,0,"December 12th, 2023"
31,Taiwan,??????????????????Siang-Ting Organic Farm,2022/02,??????????????????Siang-Ting Organic Farm,,Taiwan Coffee Laboratory,150-250,?????????Shoufeng Township,????€????Zhang Jin-Yi,3,50 kg,Taiwan Coffee Laboratory ?????????????????????,2022,"December 12th, 2022",Zhang Jin Yi ????€????,Typica,Completed,Washed / Wet,7.92,8,7.83,7.92,7.83,7.83,10,10,10,8,0,85.33,10.8,0,0,green,0,"December 12th, 2023"
32,Taiwan,?????????????????????(Jinzan Coffee Estate),2022?????????????????????????????????,?????????????????????(Jinzan Coffee Estate),,Taiwan Coffee Laboratory,668,"Dongshan Dist., Tainan City","????????? (YE,MING-ZAN)",4,5 kg,Taiwan Coffee Laboratory ?????????????????????,2022,"June 8th, 2022",Taiwan Coffee Laboratory ?????????????????????,Gesha,Completed,Washed / Wet,8.08,8.17,7.67,7.83,7.67,7.92,10,10,10,8,0,85.33,11.3,0,0,green,0,"June 8th, 2023"
33,Ethiopia,Eshetu farm,Washed Limmu,Lata Agri export,010/1081,Alo Coffee,1950,Oromia,Eshetu,320,60 kg,METAD Agricultural Development plc,2021 / 2022,"June 6th, 2022",Tamiru Tadesse Tesema,Ethiopian Heirlooms,Completed,Washed / Wet,7.67,7.83,7.83,8,8,8,10,10,10,8,0,85.33,9.9,0,2,green,3,"June 6th, 2023"
34,Ethiopia,Uraga Bisrat washing station,0065,dry mill,ICO: 010/ 0218/0065,TADESSE DESTA IMPORT & EXPORT,2150 - 2350,Southern Ethiopia Guji,Bisrat Melaku,320,60 kg,METAD Agricultural Development plc,2021 / 2022,"September 30th, 2022",Tadessa Desta Amene,Ethiopian Heirlooms,Completed,Natural / Dry,8,8.08,8,8,7.67,7.75,10,10,10,7.83,0,85.33,12.3,0,3,yellow green,4,"September 30th, 2023"
35,Ethiopia,YHAENU PLC FARM,1,GUJI COFFEE EXPORT P.L.C,010/0891/00041,yhaenu plc,1700,OROMIA,YHAENU PLC,320,19200 kg,METAD Agricultural Development plc,2021 / 2022,"December 12th, 2022",YHAENU PLC,Ethiopian Heirlooms,Completed,Washed / Wet,7.92,7.75,7.83,8.17,8,7.75,10,10,10,7.83,0,85.25,9.4,0,1,greenish,1,"December 12th, 2023"
36,Taiwan,?????????????????????,"The 2022 Pacific Rim Coffee Summit, T004",?????????????????????,,Taiwan Coffee Laboratory,1200,Chiayi,?????????,1,100 kg,Taiwan Coffee Laboratory ?????????????????????,2021 / 2022,"November 15th, 2022",Hsu Ting Yey?????????,Gesha,Completed,Washed / Wet,8,7.92,7.83,7.92,7.83,7.83,10,10,10,7.92,0,85.25,9.5,0,0,bluish-green,0,"November 15th, 2023"
37,Taiwan,??????????????? YU SIANG Coffee Estate,2022?????????????????????????????????,??????????????? YU SIANG Coffee Estate,,Taiwan Coffee Laboratory,650,"Dongshan Dist., Tainan City","?????????(CHEN, JIAN-YUAN)",20,5 kg,Taiwan Coffee Laboratory ?????????????????????,2022,"June 8th, 2022",Taiwan Coffee Laboratory ?????????????????????,Gesha,Completed,Pulped natural / honey,8.25,8.08,7.83,7.75,7.67,7.75,10,10,10,7.92,0,85.25,11.3,0,0,green,0,"June 8th, 2023"
38,Kenya,Small Holder,5516,NKG,,IBERO (K) LTD,1600-1900,Central,Small Holder,300,60 kg,Kenya Coffee Traders Association,2022 / 2023,"February 28th, 2023",Judith Murimi,SL28,Completed,Washed / Wet,8.17,7.75,7.83,7.58,7.92,8,10,10,10,8,0,85.25,9.2,0,0,greenish,1,"February 28th, 2024"
39,Taiwan,??????????????????,202203,yes,non,????????????????????????,850,"Caoling , Gukeng Township, Yunlin County",?????????,20,1 kg,Blossom Valley International????????????,2017 / 2018,"October 24th, 2022",CHEN RONG FENG,Gesha,Completed,Washed / Wet,7.75,7.92,7.75,8,7.83,7.92,10,10,10,8,0,85.17,10.3,0,0,bluish-green,0,"October 24th, 2023"
40,Taiwan,???????????€?????????????????????????????????????????€???Agriculture Production and Marketing Groups of Hualien Shlin township special crop (coffee) 1st class,2022/01,???????????€?????????????????????????????????????????€???Agriculture Production and Marketing Groups of Hualien Shlin township special crop (coffee) 1st class,,Taiwan Coffee Laboratory,300-500,??€??????Show Linxia Township,????????? Li Zhi-xia,1,10 kg,Taiwan Coffee Laboratory ?????????????????????,2022,"December 12th, 2022",Taiwan Coffee Laboratory ?????????????????????,Typica,Completed,Natural / Dry,8,7.92,7.83,7.92,7.75,7.75,10,10,10,7.92,0,85.08,10,0,0,brownish,0,"December 12th, 2023"
41,Taiwan,?????€??????,?????????????????€????????????,??????????€??????????,,???????????€??????????????????,1000,????????????,?????????,1,2 kg,Taiwan Coffee Laboratory ?????????????????????,2021 / 2022,"December 30th, 2022",Ethan Lee ?????????,Typica,Completed,Washed / Wet,8,8.08,7.67,7.75,7.92,7.83,10,10,10,7.83,0,85.08,10.5,0,0,greenish,0,"December 30th, 2023"
42,Taiwan,???????????????,A26-Northern Taiwan Specialty Coffee Evaluation,???????????????,,Taiwu Coffee Cooperative,800,?????????,????????????,1,50 kg,Taiwan Coffee Laboratory ?????????????????????,2021 / 2022,"January 6th, 2023",Taiwu,Gesha,Completed,Washed / Wet,8,7.92,7.67,8,7.75,7.83,10,10,10,7.92,0,85.08,10,0,0,pale yellow,5,"January 6th, 2024"
43,Uganda,Gideon Kule,7938,Dry Mill,Nov-35,Kyagalanyi Coffee Limited,1905,Rwenzori,Kyagalanyi coffee limited,320,60 kg,Uganda Coffee Development Authority,2021 / 2022,"June 29th, 2022",KYAGALANYI COFFEE LIMITED,SL14,Completed,Washed / Wet,8,7.92,7.75,7.75,7.75,7.92,10,10,10,7.92,0,85,11,0,0,green,1,"June 29th, 2023"
44,Taiwan,??????????????????iGfarm,2021/01,??????????????????iGfarm,,Taiwan Coffee Laboratory,150,?????????Shoufeng Township,????????? LIU MENG TSUNG,1,50 kg,Taiwan Coffee Laboratory ?????????????????????,2021 / 2022,"December 12th, 2022",Liu Meng Tsung?????????,Typica,Completed,,7.92,8,7.92,8,7.58,7.75,10,10,10,7.83,0,85,10.9,0,0,green,0,"December 12th, 2023"
45,Taiwan,?????????????????????,"The 2022 Pacific Rim Coffee Summit,T011",?????????????????????,,Taiwan Coffee Laboratory,800,Yunlin,???????€?,6,50 kg,Taiwan Coffee Laboratory ?????????????????????,2021 / 2022,"November 15th, 2022",Taiwan Coffee Laboratory ?????????????????????,Gesha,Completed,Natural / Dry,8.17,8.08,7.83,7.67,7.67,7.75,10,10,10,7.83,0,85,10.1,0,0,yellow green,0,"November 15th, 2023"
46,Guatemala,varias fincas,11/15/118,Beneficio Pastores,11/15/118,"Peter Schoenfeld, S.A.",1600,Antigua,Varios productores,600,30 kg,Asociacion Nacional Del Caf??,2022 / 2023,"April 17th, 2023",Yesica Alejandra Mart??nez V??squez,Caturra,Completed,Washed / Wet,7.67,8.08,7.67,8,7.92,7.83,10,10,10,7.83,0,85,9.9,0,1,green,1,"April 16th, 2024"
47,Guatemala,PE??A BLANCA,11/951/279,BENEFICIO LAS AMERICAS,11/951/279,"OLAM AGRO GUATEMALA, S.A.",4700,Santa Rosa,PABLO CHUY,632,30 kg,Asociacion Nacional Del Caf??,2022 / 2023,"February 23rd, 2023",Yesica Alejandra Mart??nez V??squez,Catuai,Completed,Washed / Wet,7.67,8,7.75,7.92,8,7.83,10,10,10,7.83,0,85,11.3,0,0,green,4,"February 23rd, 2024"
48,Guatemala,san francisco cotzal,11/441/50,"inmobiliaria e inversiones dos mil, s.a.",11/441/50,"inmobiliaria e inversiones dos mil, s.a.",1600,quiche,san francisco cotzal,275,69 kg,Asociacion Nacional Del Caf??,2021 / 2022,"June 22nd, 2022",Angelica Paola Citan Lopez,Caturra,Completed,Washed / Wet,7.83,7.92,7.75,8,7.75,7.75,10,10,10,7.92,0,84.92,11.7,0,3,green,1,"June 22nd, 2023"
49,Taiwan,?????????,A03-Northern Taiwan Specialty Coffee Evaluation,?????????,,Taiwu Coffee Cooperative,350-400,?????????,?????????,1,13 kg,Taiwan Coffee Laboratory ?????????????????????,2021 / 2022,"January 6th, 2023",Taiwu,Typica,Completed,Washed / Wet,7.92,7.92,7.83,7.83,7.75,7.83,10,10,10,7.83,0,84.92,9.5,0,0,green,2,"January 6th, 2024"
50,Taiwan,????????????,A23-Northern Taiwan Specialty Coffee Evaluation,????????????,,Taiwu Coffee Cooperative,230,?????????,?????????,1,4 kg,Taiwan Coffee Laboratory ?????????????????????,2021 / 2022,"January 6th, 2023",Taiwu,Yellow Bourbon,Completed,Natural / Dry,8,8,7.75,7.75,7.67,7.75,10,10,10,7.92,0,84.83,9.7,0,0,brownish,0,"January 6th, 2024"
51,Indonesia,PT Indo CafCo North Sumatera,016/1513/262,PT Indo CafCo,,InterAmerican Coffee,1200,Aceh Tengah,PT Indo CafCo North Sumatera,320,60 kg,NKG Quality Service (a division of Bernhard Rothfos Intercaf?? AG),2022,"September 23rd, 2022",Charles Umeano,Catimor,Completed,,7.83,7.92,7.75,7.83,7.83,7.83,10,10,10,7.83,0,84.83,11.9,0,3,bluish-green,2,"September 23rd, 2023"
52,Peru,Ruya Yayu Farm,"The 2022 Pacific Rim Coffee Summit,PE02",no.,,Taiwan Coffee Laboratory,1750,Villa Rica,Ruya Yayu,3,5 kg,Taiwan Coffee Laboratory ?????????????????????,2022,"November 15th, 2022",Taiwan Coffee Laboratory ?????????????????????,Gesha,Completed,Washed / Wet,8,8,7.83,7.83,7.58,7.83,10,10,10,7.75,0,84.83,10.7,0,0,greenish,0,"November 15th, 2023"
53,"Tanzania, United Republic Of",IYENGA,S59588/P03989,CITY COFFEE LTD,0033/0004,VOLCAFE/TaylorWinch Tanzania Ltd,1654,Mbeya,IYENGA AMCOS,620,30 kg,Kenya Coffee Traders Association,2022 / 2023,"November 9th, 2022",Balam Hinyula,Bourbon,Completed,Washed / Wet,7.92,7.75,7.75,7.92,7.83,7.83,10,10,10,7.83,0,84.83,11.2,0,0,greenish,0,"November 9th, 2023"
54,Taiwan,??????????????????????????????,"The 2022 Pacific Rim Coffee Summit,T029",??????????????????????????????,,Taiwan Coffee Laboratory,1300,Chiayi,?????????,1,25 kg,Taiwan Coffee Laboratory ?????????????????????,2021 / 2022,"November 15th, 2022",Taiwan Coffee Laboratory ?????????????????????,SL34,Completed,Natural / Dry,7.83,7.83,7.67,7.67,7.83,8,10,10,10,8,0,84.83,9.5,0,0,greenish,0,"November 15th, 2023"
55,Taiwan,????????????????????????,"The 2022 Pacific Rim Coffee Summit,T039",????????????????????????,,Taiwan Coffee Laboratory,1400,Nantou,?????????,1,30 kg,Taiwan Coffee Laboratory ?????????????????????,2021 / 2022,"November 15th, 2022",Taiwan Coffee Laboratory ?????????????????????,SL34,Completed,Washed / Wet,7.67,7.92,7.92,7.83,7.75,7.83,10,10,10,7.83,0,84.75,10.4,0,0,green,0,"November 15th, 2023"
56,Brazil,Fazenda Guariroba,FBT111,Wet-Hulling,002-1894-0006,Mirai Seeds Corp.,1100,Campo das Vertentes,Homero Paiva,5,36 kg,Japan Coffee Exchange,2022,"February 13th, 2023",Marcelo Itoh,Yellow Bourbon,Completed,Double Carbonic Maceration / Natural,7.83,7.92,7.75,7.92,7.67,7.83,10,10,10,7.83,0,84.75,11.2,0,1,green,5,"February 13th, 2024"
57,Panama,La Santa,2-237-05,La Santa,2-237-05,Panamerican Coffee Trading,1200,Boquete,La Santa,200,30 kg,Specialty Coffee Association of Costa Rica,2022 / 2023,"April 26th, 2023",Rodrigo Soto,Catuai,Completed,Washed / Wet,7.83,7.83,7.75,7.92,7.83,7.75,10,10,10,7.83,0,84.75,10.3,0,1,bluish-green,5,"April 25th, 2024"
58,Taiwan,??????????????????,??????????????????,??????????€??????????,,???????????€??????????????????,1200,????????????,?????????,1,2 kg,Taiwan Coffee Laboratory ?????????????????????,2021 / 2022,"December 30th, 2022",Ethan Lee ?????????,Yellow Bourbon,Completed,Pulped natural / honey,7.92,8.08,7.67,7.92,7.67,7.75,10,10,10,7.75,0,84.75,10,0,0,blue-green,0,"December 30th, 2023"
59,Guatemala,Varias Fincas,11/15/117,Varios Beneficios,11/15/117,"Peter Schoenfeld, S.A.",1600,Huehuetenango,Varios Productores,600,30 kg,Asociacion Nacional Del Caf??,2022 / 2023,"April 28th, 2023",Yesica Alejandra Mart??nez V??squez,Caturra,Completed,Washed / Wet,7.67,8,7.67,7.83,7.92,7.67,10,10,10,7.92,0,84.67,10.6,0,0,green,1,"April 27th, 2024"
60,Guatemala,SAN RAFAEL URIAS VALDES,11/54876/03,ECO COFFEE,11/54876/03,"VALBROS, S. A.",4895,ANTIGUA GUATEMALA,"VALBROS, S. A.",66,30 kg,Asociacion Nacional Del Caf??,2021 / 2022,"May 19th, 2022",Angelica Paola Citan Lopez,Bourbon,Completed,Natural / Dry,7.83,8,7.67,7.83,7.75,7.75,10,10,10,7.83,0,84.67,10.9,0,3,yellow-green,2,"May 19th, 2023"
61,Costa Rica,Gamboa Farm,12075,Beneficio Monta??as del Diamante,5-0025-0131,CECA S.A.,1850,Tarrazu,Martin Gutierrez,260,69 kg,Specialty Coffee Association of Costa Rica,2022 / 2023,"April 19th, 2023",Joselyn Morales Quesada,Caturra,Completed,Washed / Wet,7.58,7.83,7.5,7.67,7.83,7.67,10,10,10,8.58,0,84.67,10,0,1,green,2,"April 18th, 2024"
62,Taiwan,??????8?????????,A11-Northern Taiwan Specialty Coffee Evaluation,??????8?????????,,Taiwu Coffee Cooperative,200-300,?????????,?????????,1,16 kg,Taiwan Coffee Laboratory ?????????????????????,2021 / 2022,"January 6th, 2023",Taiwu,Typica,Completed,Pulped natural / honey,7.83,7.83,7.75,7.75,7.75,7.75,10,10,10,7.92,0,84.58,9.6,0,0,greenish,0,"January 6th, 2024"
63,Taiwan,????????????(Dachu Coffee Estate),2022?????????????????????????????????,????????????(Dachu Coffee Estate),,Taiwan Coffee Laboratory,700,"( Dongshan Dist., Tainan City)","????????????KUO,YA-TSUNG???",16,5 kg,Taiwan Coffee Laboratory ?????????????????????,2022,"June 8th, 2022","KUO, YA-TSUNG",Gesha,Completed,Pulped natural / honey,8.17,7.83,7.67,7.83,7.67,7.67,10,10,10,7.75,0,84.58,11.5,0,0,green,0,"June 8th, 2023"
64,Nicaragua,Finca Las Dos Marias,10 1.1,"Compare Coperativo Condega, Esteli, Nicaragua",,NicaNoLA Coffee,1350,ESTELI,NicaNoLA Coffee,74,45 kg,Specialty Coffee Association,2021 / 2022,"June 9th, 2022",rene j alcebo,Catrenic,Completed,Natural / Dry,7.92,7.75,7.67,7.67,7.83,7.75,10,10,10,8,0,84.58,9.9,1,0,green,2,"June 9th, 2023"
65,Taiwan,?????????????????????,"The 2022 Pacific Rim Coffee Summit,T036",?????????????????????,,Taiwan Coffee Laboratory,1250,Chiayi,????€????,1,80 kg,Taiwan Coffee Laboratory ?????????????????????,2021 / 2022,"November 15th, 2022",Pu Han Wen,Gesha,Completed,Washed / Wet,8.08,7.83,7.67,7.67,7.67,7.75,10,10,10,7.92,0,84.58,11.2,0,0,green,2,"November 15th, 2023"
66,Taiwan,?????????,"The 2022 Pacific Rim Coffee Summit,T042",?????????,,Taiwan Coffee Laboratory,1450,Chiayi,?????????,1,104 kg,Taiwan Coffee Laboratory ?????????????????????,2021 / 2022,"November 15th, 2022",Taiwan Coffee Laboratory ?????????????????????,SL34,Completed,Natural / Dry,7.83,8,7.67,7.75,7.67,7.75,10,10,10,7.92,0,84.58,10.3,0,0,green,0,"November 15th, 2023"
67,Vietnam,CupnCare,"The 2022 Pacific Rim Coffee Summit,VN02",CupnCare,,Taiwan Coffee Laboratory,650,Quang Tri,TONG PHUC LAM TRADING SERVICES COMPANY LIMITED,3,5 kg,Taiwan Coffee Laboratory ?????????????????????,2021 / 2022,"November 15th, 2022",Taiwan Coffee Laboratory ?????????????????????,Catimor,Completed,Natural / Dry,8,7.83,7.75,7.67,7.58,7.83,10,10,10,7.92,0,84.58,11.6,0,0,brownish,0,"November 15th, 2023"
68,Costa Rica,La Cumbre,CQU2022018,La Montana Tarrazu MIll,,Coffee Quality Union,1900,"Los Santos,Tarrazu",Santa Maria de Dota,1,22 kg,Japan Coffee Exchange,2022,"October 4th, 2022",Coffee Quality Union,Gesha,Completed,Washed / Wet,7.75,7.83,7.67,7.83,7.75,7.75,10,10,10,7.92,0,84.5,11.7,0,1,green,0,"October 4th, 2023"
69,Taiwan,???55????????????,A37-Northern Taiwan Specialty Coffee Evaluation,???55????????????,,Taiwu Coffee Cooperative,520,?????????,????????€,1,300 kg,Taiwan Coffee Laboratory ?????????????????????,2021 / 2022,"January 6th, 2023",Taiwu,unknown,Completed,Pulped natural / honey,7.75,7.92,7.83,7.75,7.75,7.75,10,10,10,7.75,0,84.5,11.3,0,0,bluish-green,0,"January 6th, 2024"
70,Honduras,La Cuchilla,36,Global Coffee,13-111-027,Mercon Honduras,1368,"Centro, Lagunetillas-Ajuterique, Comayagua",Jose Nahum Maldonado,340,69 kg,Instituto Hondure??o del Caf??,2022 / 2023,"April 25th, 2023",Comercial Internacional de Granos de Honduras SA de CV,Catuai,Completed,Washed / Wet,7.83,7.92,7.75,7.75,7.75,7.75,10,10,10,7.75,0,84.5,9.8,0,0,green,3,"April 24th, 2024"
71,Ethiopia,TRACON TRADING PLC,0712,5.2Ha,010/0148/0712,Tracon Trading PLC,1943,Ethiopia,TRACON TRADING PLC,584,30 kg,Blossom Valley International????????????,2021 / 2022,"August 23rd, 2022",????????? LI XIAO FEI,Ethiopian Heirlooms,Completed,Washed / Wet,7.92,7.83,7.75,7.92,7.58,7.67,10,10,10,7.83,0,84.5,10.9,0,0,green,9,"August 23rd, 2023"
72,Taiwan,917?????? (917 Farm),2021/11,917?????? (917 Farm),,Taiwan Coffee Laboratory,400,?????????Yuli Township,????€???? Huang Yi-xuan,1,20 kg,Taiwan Coffee Laboratory ?????????????????????,2021 / 2022,"December 12th, 2022",????€????,Typica,Completed,Natural / Dry,8.08,7.92,7.75,7.83,7.5,7.58,10,10,10,7.83,0,84.5,10.2,0,0,green,0,"December 12th, 2023"
73,Taiwan,??????????????????,"The 2022 Pacific Rim Coffee Summit,T031",??????????????????,,Taiwan Coffee Laboratory,850,Yunlin,?????????,1,100 kg,Taiwan Coffee Laboratory ?????????????????????,2021 / 2022,"November 15th, 2022",Taiwan Coffee Laboratory ?????????????????????,Gesha,Completed,Washed / Wet,7.83,8,7.5,7.75,7.75,7.75,10,10,10,7.83,0,84.42,10.1,0,0,bluish-green,1,"November 15th, 2023"
74,Guatemala,Finca Alta Luz,11-63-657,,11-63-657,"Retrillas del pacifico, s.a.",1300-1400,Huehuetenango,Maria de los Angeles Perez,600,30 kg,Asociacion Nacional Del Caf??,2022 / 2023,"April 26th, 2023",Yesica Alejandra Mart??nez V??squez,Bourbon,Completed,Washed / Wet,7.67,7.83,7.75,7.75,7.83,7.75,10,10,10,7.75,0,84.33,9.2,0,1,green,5,"April 25th, 2024"
75,United States (Hawaii),Miranda's Farm,Islander?€?s Coffee for Pacific Rim Summit,Greenwell,,Taiwan Coffee Laboratory,1300,Ka'u district of Big Island,Jose & Berta Miranda,10,10 kg,Taiwan Coffee Laboratory ?????????????????????,2022,"November 9th, 2022",Taiwan Coffee Laboratory ?????????????????????,Catuai,Completed,Washed / Wet,7.92,7.83,7.75,7.92,7.5,7.67,10,10,10,7.75,0,84.33,10.1,3,0,yellow-green,7,"November 9th, 2023"
76,Ethiopia,Bisrat Melaku Washing Station,0065,Washing Station,010/ 0218/0065,Tadesse Desta import export,2361,Addis Ababa,Bisrat Melaku,320,60 kg,METAD Agricultural Development plc,2021 / 2022,"September 19th, 2022",Tadesse Desta,Ethiopian Heirlooms,Completed,Natural / Dry,7.83,7.75,7.58,7.92,8,7.5,10,10,10,7.75,0,84.33,11,0,5,yellow green,4,"September 19th, 2023"
77,El Salvador,San Nicolas,"The 2022 Pacific Rim Coffee Summit,SV01",San Nicolas,,Taiwan Coffee Laboratory,1500,Chalatenango,various producers,20,30 kg,Taiwan Coffee Laboratory ?????????????????????,2021,"November 15th, 2022",Taiwan Coffee Laboratory ?????????????????????,Pacamara,Completed,Pulped natural / honey,7.83,7.83,7.83,7.83,7.67,7.67,10,10,10,7.67,0,84.33,10.3,0,0,brownish,4,"November 15th, 2023"
78,Colombia,Asociacion Tayronaca,NPCO-17418,Trilladora Santa Tirsa,,Sucafina NA,2100,Sierra Nevada de Santa Marta,Grupo Tap,275,70 kg,ASOCIACI??N COLOMBIANA PARA LA EXCELENCIA DEL CAFE,2021 / 2022,"May 11th, 2022",Sucafina Colombia SAS,Castillo and Colombia blend,Completed,Washed / Wet,7.75,7.75,7.75,7.75,7.83,7.67,10,10,10,7.83,0,84.33,11.6,0,0,green,1,"May 11th, 2023"
79,Indonesia,"Lintong Nihuta/Dolok Sanggul,Sumatera Utara",CQU2022018,"Lintong Nihuta/Dolok Sanggul,Sumatera Utara",,Coffee Quality Union,1250-1350,"Lintong Nihuta/Dolok Sanggul,Sumatera Utara","Lintong Nihuta/Dolok Sanggul,Sumatera Utara",1,60 kg,Japan Coffee Exchange,2022,"September 21st, 2022",Coffee Quality Union,"Jember,TIM-TIM,Ateng",Completed,Wet Hulling,7.67,7.67,7.83,7.83,7.67,7.75,10,10,10,7.83,0,84.25,11.5,0,1,blue-green,1,"September 21st, 2023"
80,Guatemala,San jose del lago,11/15/1996,San jose del lago,11/15/1996,"Peter Schoenfeld, S.A.",1600,Atitl??n,"Cafetalera Paquim, S.A.",55,30 kg,Asociacion Nacional Del Caf??,2022 / 2023,"April 17th, 2023",Yesica Alejandra Mart??nez V??squez,Typica,Completed,Washed / Wet,7.58,7.92,7.67,7.75,7.83,7.75,10,10,10,7.75,0,84.25,10,0,0,green,1,"April 16th, 2024"
81,Madagascar,Mandroso,1,On the farm (mechanical huller and polisher / sorting by hand),,Vao Vao Sarl,1500,Itasy,Marc Dumont,5,60 kg,NKG Quality Service (a division of Bernhard Rothfos Intercaf?? AG),2022,"December 12th, 2022",Marc Dumont,Bourbon,Completed,Washed / Wet,7.92,7.92,7.58,7.75,7.58,7.67,10,10,10,7.83,0,84.25,12.1,0,0,blue-green,0,"December 12th, 2023"
82,Honduras,La Cuchilla,8,Global Coffee,13-111-030,Mercon Honduras,1368,"Centro, Lagunetillas-Ajuterique, Comayagua",Jose Nahum Maldonado,345,30 kg,Instituto Hondure??o del Caf??,2022 / 2023,"April 25th, 2023",Comercial Internacional de Granos de Honduras SA de CV,Catuai,Completed,Washed / Wet,7.75,7.75,7.58,7.83,7.75,7.75,10,10,10,7.75,0,84.17,10.2,0,0,green,2,"April 24th, 2024"
83,Guatemala,san francisco cotzal,11/441/49,"inmobiliaria e inversiones dos mil, s.a.",11/441/49,"inmobiliaria e inversiones dos mil, s.a.",1600,quiche,san francisco cotzal,275,69 kg,Asociacion Nacional Del Caf??,2021 / 2022,"May 19th, 2022",Angelica Paola Citan Lopez,Caturra,Completed,Washed / Wet,7.58,7.92,7.58,7.83,7.75,7.67,10,10,10,7.75,0,84.08,11,0,3,green,2,"May 19th, 2023"
84,Taiwan,???????????????,A32-Northern Taiwan Specialty Coffee Evaluation,???????????????,,Taiwu Coffee Cooperative,150,?????????,?????????,1,110 kg,Taiwan Coffee Laboratory ?????????????????????,2021 / 2022,"January 6th, 2023",Taiwu,unknown,Completed,Pulped natural / honey,7.83,7.92,7.83,7.58,7.58,7.67,10,10,10,7.67,0,84.08,10.8,0,0,greenish,2,"January 6th, 2024"
85,Taiwan,??????????????????,"The 2022 Pacific Rim Coffee Summit,T017",??????????????????,,Taiwan Coffee Laboratory,800,Yunlin,?????????,1,80 kg,Taiwan Coffee Laboratory ?????????????????????,2021 / 2022,"November 15th, 2022",Taiwan Coffee Laboratory ?????????????????????,Gesha,Completed,Natural / Dry,7.92,7.75,7.67,7.75,7.75,8,9.33,10,10,7.92,0,84.08,10.6,0,0,yello-green,0,"November 15th, 2023"
86,Guatemala,varias fincas,11/15/1951,El Tr??bol/L??nea Gourmet,11/15/1951,"Peter Schoenfeld, S.A.",1500-1600,Oriente Santa rosa,varios productores,430,30 kg,Asociacion Nacional Del Caf??,2022 / 2023,"March 22nd, 2023",Yesica Alejandra Mart??nez V??squez,Caturra,Completed,Washed / Wet,7.67,7.83,7.67,7.83,7.75,7.67,10,10,10,7.67,0,84.08,11,0,1,green,2,"March 21st, 2024"
87,Guatemala,varias fincas,11/15/1959,El Trebol/Linea Gourmet,11/15/1959,"Peter Schoenfeld, S.A.",1500-1600,Sierra de las minas,varios productores,200,30 kg,Asociacion Nacional Del Caf??,2022 / 2023,"March 22nd, 2023",Yesica Alejandra Mart??nez V??squez,Caturra,Completed,Washed / Wet,7.67,7.92,7.67,7.75,7.67,7.58,10,10,10,7.75,0,84,11,0,2,green,2,"March 21st, 2024"
88,Honduras,finca de la casa,"The 2022 Pacific Rim Coffee Summit,HN04",De la casa,,Taiwan Coffee Laboratory,1800,"San Andr??s, Lempira",Irma Consuelo Bonilla Hernandez,16,30 kg,Taiwan Coffee Laboratory ?????????????????????,2021 / 2022,"November 15th, 2022","Kao,SIng-jay",Typica,Completed,Pulped natural / honey,7.75,7.75,7.75,7.67,7.75,7.67,10,10,10,7.67,0,84,9.4,0,0,green,0,"November 15th, 2023"
89,"Tanzania, United Republic Of",KONGONI ESTATE,CN 4127230031/P-9139,RAFIKI MILL,033/DE/491/001,C.DORMAN SEZ LTD,1600-1750,ARUSHA,DORMAN (T) LTD,200,60 kg,Kenya Coffee Traders Association,2022 / 2023,"January 3rd, 2023",Gilbert Maina,Bourbon,Completed,Washed / Wet,7.58,7.67,7.75,7.75,7.75,7.75,10,10,10,7.75,0,84,9.8,0,0,greenish,3,"January 3rd, 2024"
90,Ethiopia,Ecom Agroindustrial,1077,Beneficio humedo,010-0424-0586,Descafeinadores Mexicano SA. de CV,1800,Sidama,Ecom Agroindustrial,300,60 kg,Centro Agroecol??gico del Caf?? A.C.,2021 / 2022,"November 18th, 2022",Descafeinadores Mexicanos S.A de C.V,Ethiopian Heirlooms,Completed,Washed / Wet,8,7.75,7.5,7.67,7.67,7.67,10,10,10,7.75,0,84,11.3,1,1,green,1,"November 18th, 2023"
91,"Tanzania, United Republic Of",MASHIMA AMCOS,CN 4127220159/4189220459,GOURMET COFFEE MILL,033/0010/022,DORMAN (T) LTD,1400-1700,KILIMANJARO,DORMAN,320,60 kg,Kenya Coffee Traders Association,2022 / 2023,"November 21st, 2022",Gilbert Maina,Bourbon,Completed,Washed / Wet,7.75,7.58,7.58,7.92,7.67,7.75,10,10,10,7.75,0,84,11.6,0,0,greenish,2,"November 21st, 2023"
92,Colombia,COO,3-002-00883,Laumayer Armenia,,InterAmerican Coffee,1400-1700,Huila,Cooperativa Central de Caficultores del Huila,275,70 kg,NKG Quality Service (a division of Bernhard Rothfos Intercaf?? AG),2022,"July 27th, 2022",Charles Umeano,Caturra,Completed,Washed / Wet,7.67,7.83,7.58,7.92,7.67,7.67,10,10,10,7.67,0,84,13.3,0,2,green,3,"July 27th, 2023"
93,Costa Rica,Gamboa Farm,12077-01,Beneficio Monta??as del Diamante,5-0025-0132,CECA S.A.,1850,Tarrazu,Martin Gutierrez,250,35 kg,Specialty Coffee Association of Costa Rica,2022 / 2023,"April 19th, 2023",Joselyn Morales Quesada,Caturra,Completed,Washed / Wet,7.67,7.92,7.58,7.75,7.67,7.58,10,10,10,7.75,0,83.92,9.5,0,0,green,2,"April 18th, 2024"
94,Guatemala,El Morito,"The 2022 Pacific Rim Coffee Summit,GT01",Sube,,Taiwan Coffee Laboratory,1900,New Oriente,Various producers,1,15 kg,Taiwan Coffee Laboratory ?????????????????????,2021,"November 15th, 2022",Taiwan Coffee Laboratory ?????????????????????,Gesha,Completed,Natural / Dry,7.83,7.83,7.58,7.67,7.67,7.58,10,10,10,7.75,0,83.92,11.9,0,0,greenish,0,"November 15th, 2023"
95,Guatemala,San jose del lago,11/15/1995,San jose del lago,11/15/1995,"Peter Schoenfeld, S.A.",1600,Atitl??n,"Cafetalera Paquim, S.A.",35,30 kg,Asociacion Nacional Del Caf??,2022 / 2023,"April 17th, 2023",Yesica Alejandra Mart??nez V??squez,Bourbon,Completed,Washed / Wet,7.58,7.83,7.58,7.75,7.67,7.75,10,10,10,7.75,0,83.92,10,0,1,green,2,"April 16th, 2024"
96,Thailand,Baan San Charoen,CQU2022016,Baan San Charoen,,Coffee Quality Union,1300-1400,Nan,Phaibul Kitcharoen,1,30 kg,Japan Coffee Exchange,2022,"September 21st, 2022",Coffee Quality Union,Catimor,Completed,Natural / Dry,7.75,7.67,7.58,7.75,7.75,7.67,10,10,10,7.75,0,83.92,11.6,0,0,yellowish,3,"September 21st, 2023"
97,Colombia,,3/37/1370,"Racaf?? & CIA S.C.A, Km 5 V??a Pereira",3/37/1370,Marubeni Corporation,1411,Pereira,RACAFE & CIA SCA,375,70 kg,Japan Coffee Exchange,2022 / 2023,"April 17th, 2023",Ikuto Uehara,,Completed,Washed / Wet,7.67,7.75,7.67,7.75,7.67,7.67,10,10,10,7.67,0,83.83,11.9,0,1,green,1,"April 16th, 2024"
98,Guatemala,FINCA ALTA LUZ,11/63/908,,11/63/908,"RETRILLAS DEL PACIFICO, S. A.",1400,HUEHUETENANGO,MARIA DE LOS ANGELES PEREZ,600,30 kg,Asociacion Nacional Del Caf??,2021 / 2022,"May 13th, 2022",Angelica Paola Citan Lopez,"BOURBON, CATURRA Y CATIMOR",Completed,Natural / Dry,7.58,7.83,7.67,7.67,7.67,7.67,10,10,10,7.75,0,83.83,10.8,0,0,green,4,"May 13th, 2023"
99,Guatemala,SAN RAFAEL URIAS VALDES,AMNI-22-0905,"BENEFICIO SANTA RITA, S. A.",11/54876/01,Asociaci??n Nacional del Cafe,4895 A 5650,ANTIGUA GUATEMALA,"VALBROS, S. A.",635,30 kg,Asociacion Nacional Del Caf??,2021 / 2022,"May 19th, 2022",Angelica Paola Citan Lopez,Bourbon,Completed,Washed / Wet,7.58,7.92,7.5,7.67,7.75,7.67,10,10,10,7.75,0,83.83,10.9,0,1,greenish,4,"May 19th, 2023"
100,Ethiopia,Gerbicho Lela Cooperative,1,Sidama Coffee Farmers Cooperative Union,010/0145/0064,Taylor Winch Coffee Ltd,2000,Sidama,Sidama Coffee Farmers Cooperative Union,100,60 kg,Kenya Coffee Traders Association,2021 / 2022,"September 9th, 2022",Taylor Winch (Coffee) Ltd.,Ethiopian Heirlooms,Completed,Washed / Wet,7.83,7.67,7.5,7.92,7.5,7.67,10,10,10,7.75,0,83.83,12,0,0,green,12,"September 9th, 2023"
101,Colombia,N / A,3-0068-00886,Trilladora Popay??n,3-0068-00886,ECOM COLOMBIA,1700,Cauca,Regional producers,285,70 kg,ASOCIACI??N COLOMBIANA PARA LA EXCELENCIA DEL CAFE,2022 / 2023,"February 22nd, 2023",Ra??l Vargas,Caturra,Completed,Washed / Wet,7.92,7.75,7.42,7.58,7.92,7.67,10,10,10,7.58,0,83.83,12.1,2,5,green,5,"February 22nd, 2024"
102,United States (Hawaii),various farms,"The 2022 Pacific Rim Coffee Summit,US02",Aloha Hills Kona Coffee,,Taiwan Coffee Laboratory,400-600,Ka'u,Isla Custom Coffees,4,15 kg,Taiwan Coffee Laboratory ?????????????????????,2022,"November 15th, 2022",Taiwan Coffee Laboratory ?????????????????????,Typica,Completed,Washed / Wet,7.67,7.92,7.58,7.58,7.58,7.75,10,10,10,7.75,0,83.83,11.8,0,3,green,3,"November 15th, 2023"
103,Colombia,La Gallera,"The 2022 Pacific Rim Coffee Summit,CO02",La Gallera,,Taiwan Coffee Laboratory,1800,Tolima,Oscar Javier Paez & Family,40,35 kg,Taiwan Coffee Laboratory ?????????????????????,2022,"November 15th, 2022",PeiHsun Lin,Bourbon Sidra,Completed,Pulped natural / honey,7.67,7.92,7.67,7.58,7.67,7.67,10,10,10,7.58,0,83.75,10.6,0,0,greenish,1,"November 15th, 2023"
104,Mexico,Finca Custepec,312,exportadora de cafe california,016-2028-0312,Exportadora Caf?? California,1200,Chiapas,Armando Pohlenz,600,30 kg,Centro Agroecol??gico del Caf?? A.C.,2022 / 2023,"April 5th, 2023",ANDREAS KUSSMAUL,Sarchimor,Completed,Washed / Wet,7.67,7.67,7.58,7.67,7.83,7.58,10,10,10,7.75,0,83.75,11.7,4,0,green,12,"April 4th, 2024"
105,Colombia,,,,,Coffee Quality Institute,,,,1,1 kg,Barista and Coffee Academy of Asia,2022,"September 26th, 2022",Coffee Quality Institute,,Completed,,7.83,7.75,7.5,7.58,7.67,7.67,10,10,10,7.67,0,83.67,12.4,1,0,greenish,9,"September 26th, 2023"
106,Taiwan,??????????????????,202203,yes,non,Yongshun,1250,"Caoling , Gukeng Township, Yunlin County",?????????,50,2 kg,Blossom Valley International????????????,2022,"October 24th, 2022",Yongshun,SL34,Completed,Washed / Wet,7.67,7.67,7.75,7.75,7.5,7.67,10,10,10,7.67,0,83.67,10,0,0,bluish-green,0,"October 24th, 2023"
107,Myanmar,Aromatic,"The 2022 Pacific Rim Coffee Summit,MM01",Aromatic,,Taiwan Coffee Laboratory,1400,South Shan State,Lim,100,30 kg,Taiwan Coffee Laboratory ?????????????????????,2022,"November 15th, 2022",PeiHsun Lin,"Catimor,Catuai,Caturra,Bourbon",Completed,Natural / Dry,7.83,7.83,7.67,7.58,7.58,7.58,10,10,10,7.58,0,83.67,10.2,0,1,pale yellow,1,"November 15th, 2023"
108,Taiwan,????????????,A05-Northern Taiwan Specialty Coffee Evaluation,????????????,,Taiwu Coffee Cooperative,200-400,?????????,?????????,1,13 kg,Taiwan Coffee Laboratory ?????????????????????,2021 / 2022,"January 6th, 2023",Taiwu,unknown,Completed,Pulped natural / honey,7.58,7.75,7.67,7.83,7.5,7.67,10,10,10,7.67,0,83.67,9.2,0,0,greenish,0,"January 6th, 2024"
109,Honduras,Maria Bonita,"The 2022 Pacific Rim Coffee Summit,HN01","Cafe Organic Marcala, S.A. (COMSA)",,Taiwan Coffee Laboratory,1470,"San Jose, La Paz",Pedro Turcios,9,15 kg,Taiwan Coffee Laboratory ?????????????????????,2021,"November 15th, 2022",Taiwan Coffee Laboratory ?????????????????????,Parainema,Completed,Natural / Dry,7.67,7.67,7.58,7.75,7.67,7.67,10,10,10,7.67,0,83.67,11.1,0,2,pale yellow,1,"November 15th, 2023"
110,Taiwan,????????????,A30-Northern Taiwan Specialty Coffee Evaluation,????????????,,Taiwu Coffee Cooperative,250-400,?????????,?????????,1,10 kg,Taiwan Coffee Laboratory ?????????????????????,2021 / 2022,"January 6th, 2023",Taiwu,unknown,Completed,Natural / Dry,7.58,7.67,7.5,7.75,7.75,7.67,10,10,10,7.67,0,83.58,8.4,0,0,green,0,"January 6th, 2024"
111,Taiwan,"?????????	???????????????	???????????????",A14-Northern Taiwan Specialty Coffee Evaluation,"?????????	???????????????	???????????????",,Taiwu Coffee Cooperative,250-300,?????????,?????????,1,10 kg,Taiwan Coffee Laboratory ?????????????????????,2021 / 2022,"January 6th, 2023",Taiwu,Typica,Completed,Pulped natural / honey,7.58,7.75,7.58,7.75,7.58,7.67,10,10,10,7.67,0,83.58,9.1,0,0,green,0,"January 6th, 2024"
112,Guatemala,SAN FRANCISCO COTZAL,P-4142,"INMOBILIARIA E INVERSIONES DOS MIL, S. A.",11/441/50,Asociaci??n Nacional del Cafe,1600,QUICHE,SAN FRANCISCO COTZAL,275,69 kg,Asociacion Nacional Del Caf??,2021 / 2022,"May 19th, 2022",Angelica Paola Citan Lopez,Caturra,Completed,Washed / Wet,7.58,7.83,7.58,7.67,7.58,7.58,10,10,10,7.75,0,83.58,10.9,0,2,green,4,"May 19th, 2023"
113,Honduras,varias,AMNI-22-6011-1,Beneficio seco,13-167-471,Cafe Organico Marcala S.A de C.V.,1400,Marcala,comsa,260,69 kg,Instituto Hondure??o del Caf??,2021 / 2022,"August 17th, 2022",Eliud Hernandez Gonzales,SHG,Completed,Washed / Wet,7.75,7.67,7.58,7.58,7.58,7.67,10,10,10,7.67,0,83.5,11.2,0,1,green,5,"August 17th, 2023"
114,Colombia,La fortaleza,3-0104-00202 Popay??n Supremo,Trilladora Pubenza,3-0104-00202,Cafe Colsuaves,1700,Popay??n Cauca,La fortaleza,600,30 kg,ASOCIACI??N COLOMBIANA PARA LA EXCELENCIA DEL CAFE,2022,"January 18th, 2023",pablo velosa,Caturra,Completed,Washed / Wet,7.75,7.75,7.5,7.58,7.83,7.5,10,10,10,7.58,0,83.5,12.2,0,0,bluish-green,2,"January 18th, 2024"
115,Thailand,Doi Tung Development Project,BOURBON 21/22 (Coffea Arabica),Dry Mill,,Doi Tung Development Project,1200 - 1580,North of Thailand,Doi Tung Development Project,2,1 kg,FABB Academy of Coffee,2022,"July 14th, 2022",Doi Tung Development Project,Bourbon,Completed,Washed / Wet,7.42,7.83,7.58,7.67,7.67,7.75,10,10,10,7.58,0,83.5,13.1,0,0,green,0,"July 14th, 2023"
116,Ethiopia,YHAENU PLC FARM,1,GUJI COFFEE EXPORT P.L.C,,yhaenu plc,1700,OROMIA,YHAENU PLC,320,19200 kg,METAD Agricultural Development plc,2021 / 2022,"November 30th, 2022",YHAENU PLC,Ethiopian Heirlooms,Completed,Washed / Wet,7.42,7.42,7.42,8,7.92,7.67,10,10,10,7.67,0,83.5,10.4,0,1,greenish,11,"November 30th, 2023"
117,Thailand,Doi Nan,CQU2022011,Doi Nan,,Coffee Quality Union,1450,Suan Ya Lung,Chalerm,5,2 kg,Japan Coffee Exchange,2022,"June 16th, 2022",Coffee Quality Union,Java,Completed,Washed / Wet,7.67,7.67,7.5,7.67,7.58,7.67,10,10,10,7.67,0,83.42,11.6,0,2,green,0,"June 16th, 2023"
118,Uganda,Bugisu Shamba,035/170/5021210,Kawacom,,Kawacom uganda LTD,1400 - 1900,Mt Elgon,Kawacom Uganda Ltd,150,60 kg,Uganda Coffee Development Authority,2021 / 2022,"July 7th, 2022",Kawacom Uganda LTD,SL14,Completed,Washed / Wet,7.75,7.75,7.5,7.5,7.58,7.58,10,10,10,7.75,0,83.42,10.1,0,0,green,3,"July 7th, 2023"
119,Taiwan,????????????????????????,"The 2022 Pacific Rim Coffee Summit,T022",????????????????????????,,Taiwan Coffee Laboratory,1100,Chiayi,????????€,1,40 kg,Taiwan Coffee Laboratory ?????????????????????,2021 / 2022,"November 15th, 2022",Wu Jhao Yun,Typica + SL34,Completed,Washed / Wet,7.75,7.92,7.67,7.92,7.75,7.83,8.67,10,10,7.92,0,83.42,10.1,0,0,blue-green,0,"November 15th, 2023"
120,Uganda,Masereka William,7969,Dry Mill,Nov-35,Kyagalanyi Coffee Limited,1905,Rwenzori,Kyagalanyi coffee limited,320,60 kg,Uganda Coffee Development Authority,2021 / 2022,"September 1st, 2022",KYAGALANYI COFFEE LIMITED,SL14,Completed,Washed / Wet,7.75,7.67,7.58,7.5,7.67,7.5,10,10,10,7.67,0,83.33,11.1,0,0,green,5,"September 1st, 2023"
121,Taiwan,????????????,A04-Northern Taiwan Specialty Coffee Evaluation,????????????,,Taiwu Coffee Cooperative,200-300,?????????,?????????,1,8 kg,Taiwan Coffee Laboratory ?????????????????????,2021 / 2022,"January 6th, 2023",Taiwu,Typica,Completed,Pulped natural / honey,7.58,7.67,7.5,7.75,7.5,7.58,10,10,10,7.75,0,83.33,9.7,0,0,greenish,0,"January 6th, 2024"
122,Guatemala,MI CAFECITO & LA PROVIDENCIA,1,MI CAFECITO + AGUA SANTA LA PROVIDENCIA + AGUA SANTA,,Mr.Brown Cafe,1280-1325,NEW ORIENTE & HUEHUETENANGO,500 PRODUCERS,320,60 kg,Taiwan Coffee Laboratory ?????????????????????,2021,"December 30th, 2022",MR.BROWN CAFE,"MARSELLESA, CATUAI, CATURRA & MARSELLESA, ANACAFE 14, CATUAI",Completed,Washed / Wet,7.5,7.75,7.58,7.75,7.67,7.58,10,10,10,7.5,0,83.33,11.4,0,0,green,0,"December 30th, 2023"
123,Taiwan,????????????,A21-Northern Taiwan Specialty Coffee Evaluation,????????????,,Taiwu Coffee Cooperative,300,?????????,????€????,1,80 kg,Taiwan Coffee Laboratory ?????????????????????,2021 / 2022,"January 6th, 2023",Taiwu,Typica,Completed,Washed / Wet,7.58,7.67,7.58,7.75,7.42,7.58,10,10,10,7.75,0,83.33,9.6,0,0,green,1,"January 6th, 2024"
124,Colombia,El Laurel,1,Hulling facility,,Minka coffee company LTD,1100,Sierra Nevada de Santa Marta,Eric SELLIN,2,1 kg,FABB Academy of Coffee,2021 / 2022,"September 30th, 2022",piradaPKPL,Caturra,Completed,Washed / Wet,7.67,7.67,7.42,7.75,7.5,7.75,10,10,10,7.58,0,83.33,13.5,0,0,greenish,0,"September 30th, 2023"
125,Costa Rica,Gamboa Farm,12074,Beneficio Monta??as del Diamante,5-0025-0130,CECA S.A.,1850,Tarrazu,Martin Gutierrez,320,69 kg,Specialty Coffee Association of Costa Rica,2022 / 2023,"April 19th, 2023",Joselyn Morales Quesada,Caturra,Completed,Washed / Wet,7.58,7.75,7.42,7.67,7.5,7.75,10,10,10,7.67,0,83.33,0,0,0,green,3,"April 18th, 2024"
126,Taiwan,??????????????????,"The 2022 Pacific Rim Coffee Summit,T019",??????????????????,,Taiwan Coffee Laboratory,750,Yunlin,?????????,1,100 kg,Taiwan Coffee Laboratory ?????????????????????,2021 / 2022,"November 15th, 2022",CHEN SHAN DONG ?????????,SL34,Completed,Washed / Wet,7.75,7.83,7.58,7.58,7.58,7.5,10,10,10,7.5,0,83.33,10.7,0,0,blue-green,1,"November 15th, 2023"
127,Thailand,Doi Tung Development Project,TYPICA 21/22 (Coffea Arabica),Dry Mill,,Doi Tung Development Project,1300-1500,North of Thailand,Doi Tung Development Project,2,1 kg,FABB Academy of Coffee,2022,"July 14th, 2022",Doi Tung Development Project,Typica,Completed,Washed / Wet,7.92,7.92,7.75,7.33,7.58,7.5,10,10,10,7.33,0,83.33,12.3,0,0,yellow-green,16,"July 14th, 2023"
128,"Tanzania, United Republic Of",MASHIMA AMCOS,CN 4127220163/4189220459,GOURMET COFFEE MILL,033/0010/032,DORMAN TANZANIA LTD,1400-1700,KILIMANJARO,DORMAN TANZANIA LTD,320,60 kg,Kenya Coffee Traders Association,2022 / 2023,"January 3rd, 2023",Gilbert Maina,Bourbon,Completed,Washed / Wet,7.92,7.67,7.42,7.5,7.67,7.58,10,10,10,7.5,0,83.25,10.4,0,0,greenish,8,"January 3rd, 2024"
129,Brazil,Fazenda Conquista e Capoeirinha,004/22,Dry mill,,Ipanema Coffees,950,Sul de Minas,Ipanema Agr??cola SA,960,60 kg,Brazil Specialty Coffee Association,2022 / 2023,"February 13th, 2023",Ipanema Coffees,Mundo Novo,Completed,Natural / Dry,7.58,7.5,7.5,7.83,7.67,7.5,10,10,10,7.67,0,83.25,11.6,0,0,green,4,"February 13th, 2024"
130,Taiwan,??????????????????,A41-Northern Taiwan Specialty Coffee Evaluation,??????????????????,,Taiwu Coffee Cooperative,1100-1200,?????????,?????????,1,320 kg,Taiwan Coffee Laboratory ?????????????????????,2021 / 2022,"January 6th, 2023",Taiwu,unknown,Completed,Washed / Wet,7.75,7.75,7.58,7.67,7.42,7.5,10,10,10,7.58,0,83.25,9.6,0,0,green,1,"January 6th, 2024"
131,Colombia,Buenos Aires,CQU2023003,Buenos Aires,,Coffee Quality Union,1390,Quindio,Chucho Bedoya,2,12 kg,Japan Coffee Exchange,2022,"April 7th, 2023",Coffee Quality Union,"Red Bourbon,Caturra",Completed,Anaerobico 1000h,7.67,7.67,7.58,7.67,7.58,7.58,10,10,10,7.5,0,83.25,10.9,0,0,brownish,2,"April 6th, 2024"
132,Honduras,La Bendicion,"The 2022 Pacific Rim Coffee Summit,HN03","COMSA (Cafe Organic Marcala, S.A)",,Taiwan Coffee Laboratory,1600,"Marcala, La Paz",Joaquin Suazo,9,15 kg,Taiwan Coffee Laboratory ?????????????????????,2021,"November 15th, 2022",Taiwan Coffee Laboratory ?????????????????????,Lempira,Completed,Washed / Wet,7.67,7.75,7.67,7.58,7.5,7.58,10,10,10,7.5,0,83.25,10.5,0,0,bluish-green,3,"November 15th, 2023"
133,Honduras,varias,AMNI-22-6011-2,Beneficio seco,13-167-471-2,Cafe Organico Marcala S.A de C.V.,1400,Marcala,comsa,260,69 kg,Instituto Hondure??o del Caf??,2021 / 2022,"August 17th, 2022",Eliud Hernandez Gonzales,Catuai,Completed,Washed / Wet,7.75,7.58,7.58,7.58,7.5,7.58,10,10,10,7.67,0,83.25,11.3,0,1,green,5,"August 17th, 2023"
134,Taiwan,????????????,A35-Northern Taiwan Specialty Coffee Evaluation,????????????,,Taiwu Coffee Cooperative,200-300,?????????,?????????,1,16 kg,Taiwan Coffee Laboratory ?????????????????????,2021 / 2022,"January 6th, 2023",Taiwu,Typica,Completed,Natural / Dry,7.75,7.75,7.5,7.75,7.5,7.42,10,10,10,7.5,0,83.17,9.7,0,0,greenish,2,"January 6th, 2024"
135,Taiwan,????????????,A20-Northern Taiwan Specialty Coffee Evaluation,????????????,,Taiwu Coffee Cooperative,340,?????????,?????????,1,100 kg,Taiwan Coffee Laboratory ?????????????????????,2021 / 2022,"January 6th, 2023",Taiwu,unknown,Completed,Washed / Wet,7.67,7.67,7.5,7.58,7.58,7.5,10,10,10,7.67,0,83.17,11.8,0,0,blue-green,0,"January 6th, 2024"
136,Laos,Nongluang Bolaven Plateau,DCN03.11.2022,Dao Heuang Group,,Dao Heuang Group,1200 - 1300,"Nongluang Bolaven Plateau, Champasack, Lao PDR",Dao Heuang Group,26,60 kg,Specialty Coffee Association of Indonesia,2022,"December 30th, 2022",Dao Heuang Group,Catimor,Completed,Natural / Dry,7.67,7.75,7.33,7.67,7.58,7.5,10,10,10,7.58,0,83.08,11.8,0,0,brownish,7,"December 30th, 2023"
137,Honduras,La Cuchilla,187,CIGRAH,13-111-059,CIGRAH,1368,"Centro, Lagunetillas - Ajuterique, Comayagua",Fausto Nahun Maldonado,250,69 kg,Instituto Hondure??o del Caf??,2021 / 2022,"May 23rd, 2022",Comercial Internacional de Granos de Honduras SA de CV,Catuai,Completed,Washed / Wet,7.67,7.67,7.5,7.58,7.58,7.5,10,10,10,7.58,0,83.08,10.6,0,2,green,7,"May 23rd, 2023"
138,Honduras,Bethel,198,CADEXSA,13-63-119,CADEXSA,1450,"Los Planes de Santa Maria, La Paz",Omar Acosta,325,69 kg,Instituto Hondure??o del Caf??,2022 / 2023,"April 25th, 2023",CADEXSA,Catuai,Completed,Washed / Wet,7.75,7.58,7.58,7.58,7.58,7.5,10,10,10,7.5,0,83.08,9.6,0,0,green,2,"April 24th, 2024"
139,Colombia,EL PRADO,3-59-0654,NEIVA,3-59-0654,carcafe ltda,1650,HUILA,FRANKLIN DUSSAN,600,30 kg,ASOCIACI??N COLOMBIANA PARA LA EXCELENCIA DEL CAFE,2022 / 2023,"January 13th, 2023",rodrigo amaya,Caturra,Completed,Washed / Wet,8,7.67,7.42,7.58,7.58,7.42,10,10,10,7.33,0,83,13.1,0,0,bluish-green,1,"January 13th, 2024"
140,Taiwan,???????????????,A17-Northern Taiwan Specialty Coffee Evaluation,???????????????,,Taiwu Coffee Cooperative,250-300,?????????,?????????,1,12 kg,Taiwan Coffee Laboratory ?????????????????????,2021 / 2022,"January 6th, 2023",Taiwu,Typica,Completed,Pulped natural / honey,7.5,7.67,7.58,7.58,7.5,7.5,10,10,10,7.58,0,82.92,8.9,0,0,blue-green,0,"January 6th, 2024"
141,Mexico,Finca Tequihua,001,"Coatepec, Veracruz",3093,La Villa Coffee Company LLC,1350,"ZONGOLICA, VERACRUZ",Martin Tequihuatle Zepahua,141,69 kg,Centro Agroecol??gico del Caf?? A.C.,2021 / 2022,"August 11th, 2022",Alvin La Vaughn Landry,Bourbon,Completed,Washed / Wet,7.75,7.5,7.42,7.67,7.58,7.5,10,10,10,7.5,0,82.92,11.9,2,0,green,1,"August 11th, 2023"
142,Colombia,La Argentina,CQU2022013,La Argentina,,Coffee Quality Union,1350,Quindio,Augusto Torres,1,12 kg,Japan Coffee Exchange,2021 / 2022,"June 16th, 2022",Coffee Quality Union,Typica Gesha,Completed,Washed / Wet,7.58,7.5,7.5,7.67,7.58,7.5,10,10,10,7.58,0,82.92,11.5,0,1,greenish,3,"June 16th, 2023"
143,Taiwan,??????????????????,202203,yes,non,????????????????????????,1200,"Shibi, Gukeng Township, Yunlin County ????????€??? , Taiwan (R.O.C.)",?????????,300,1 kg,Blossom Valley International????????????,2022,"October 24th, 2022",????????? GuoLiangZhi,Gesha,Completed,,7.67,7.5,7.42,7.75,7.42,7.58,10,10,10,7.58,0,82.92,10.2,0,0,yellow-green,0,"October 24th, 2023"
144,Honduras,Varias,273,Beneficio Seco Comsa,13-167-181,Cafe Organico Marcala S.A de C.V.,1280,Marcala,Varios,275,69 kg,Instituto Hondure??o del Caf??,2022 / 2023,"April 24th, 2023",Eliud Hernandez Gonzales,Catuai,Completed,Washed / Wet,7.67,7.58,7.5,7.5,7.58,7.5,10,10,10,7.5,0,82.83,10,0,0,green,4,"April 23rd, 2024"
145,Thailand,Doi Tung Development Project,GAYO 21/22 (Coffea Arabica),Dry Mill,,Doi Tung Development Project,1300-1500,North of Thailand,Doi Tung Development Project,2,1 kg,FABB Academy of Coffee,2022,"July 14th, 2022",Doi Tung Development Project,Gayo,Completed,Washed / Wet,7.17,7.92,7.58,7.5,7.58,7.67,10,10,10,7.42,0,82.83,11.8,0,0,yellow-green,5,"July 14th, 2023"
146,Vietnam,Ea tan Cooperative,VHA- S3,SIMEXCO DAKLAK LTD,,SIMEXCO DAKLAK LTD,900,"Eatan Commune, Krong Nang District, Krong Nang Province",Ea Tan Cooperative,22,60 kg,Specialty Coffee Association,2021 / 2022,"June 3rd, 2022",Simexco DakLak,Catimor,Completed,Pulped natural / honey,7.58,7.42,7.58,7.5,7.67,7.75,10,10,10,7.33,0,82.83,13.3,0,0,green,4,"June 3rd, 2023"
147,Nicaragua,Finca San Felipe,017-053-0017,Beneficio Atlantic S??baco,017-053-0017,Exportadora Atlantic S.A,1200,Matagalpa,Exportadora Atlantic S.A.,275,69 kg,Asociaci??n de Caf??s Especiales de Nicaragua,2022 / 2023,"January 30th, 2023","Exportadora Atlantic, S.A.",SHG,Completed,Natural / Dry,7.33,7.58,7.25,7.33,7.75,8.17,10,10,10,7.33,0,82.75,10.5,5,2,green,1,"January 30th, 2024"
148,Costa Rica,AMA EL AROMA Micro lot - Sunrise,"The 2022 Pacific Rim Coffee Summit,CR01",Micro mill,,Taiwan Coffee Laboratory,1450,west Villege,various producers,10,30 kg,Taiwan Coffee Laboratory ?????????????????????,2021,"November 15th, 2022",Taiwan Coffee Laboratory ?????????????????????,SL28,Completed,Pulped natural / honey,7.33,7.5,7.25,7.92,7.75,7.58,10,10,10,7.42,0,82.75,11.8,0,0,pale yellow,1,"November 15th, 2023"
149,Colombia,Federaci??n Nacional de Cafeteros de Colombia,3/01/12857,Federaci??n Nacional de Cafeteros de Colombia,3/01/12857,"NIPPON COFFEE TRADING CO.,LTD.",1700,Huila,Federaci??n Nacional de Cafeteros de Colombia,250,70 kg,Japan Coffee Exchange,2022,"July 11th, 2022",Yukinobu Ueda,Caturra,Completed,Washed / Wet,7.58,7.67,7.58,7.5,7.33,7.5,10,10,10,7.5,0,82.67,11.8,0,1,green,2,"July 11th, 2023"
150,Thailand,Doi Tung Development Project,CATURRA 21/22 (Coffea Arabica),Dry Mill,,Doi Tung Development Project,1200 - 1580,North of Thailand,Doi Tung Development Project,2,1 kg,FABB Academy of Coffee,2022,"July 14th, 2022",Doi Tung Development Project,Caturra,Completed,Washed / Wet,7.33,7.58,7.58,7.5,7.67,7.67,10,10,10,7.33,0,82.67,13,1,0,greenish,0,"July 14th, 2023"
151,Thailand,Kevin Coffee,21/22,Dry mill,,Square Root,1200,Chiang Mai,Kevin Wattana,6,50 kg,Specialty Coffee Institute of Thailand,2021 / 2022,"June 14th, 2022",Sajcha tawaytibhong,"Bourbon, Catimor, Caturra, Typica",Completed,Natural / Dry,7.5,7.58,7.5,7.42,7.5,7.58,10,10,10,7.58,0,82.67,11.2,0,0,yellow green,0,"June 14th, 2023"
152,Honduras,Bethel,197,CADEXSA,13-63-118,CADEXSA,1450,los planes de santa maria la paz,Omar Acosta,325,69 kg,Instituto Hondure??o del Caf??,2022 / 2023,"April 25th, 2023",CADEXSA,Catuai,Completed,Washed / Wet,7.67,7.58,7.33,7.5,7.58,7.5,10,10,10,7.5,0,82.67,9.6,0,0,green,2,"April 24th, 2024"
153,Taiwan,????????????,A01-Northern Taiwan Specialty Coffee Evaluation,????????????,,Taiwu Coffee Cooperative,165,?????????,?????????,1,4 kg,Taiwan Coffee Laboratory ?????????????????????,2021 / 2022,"January 6th, 2023",Taiwu,unknow,Completed,Natural / Dry,7.67,7.67,7.42,7.42,7.42,7.5,10,10,10,7.5,0,82.58,9.8,0,0,green,0,"January 6th, 2024"
154,Taiwan,?????????,A22-Northern Taiwan Specialty Coffee Evaluation,?????????,,Taiwu Coffee Cooperative,465,?????????,?????????,1,32 kg,Taiwan Coffee Laboratory ?????????????????????,2021 / 2022,"January 6th, 2023",Taiwu,Caturra,Completed,Washed / Wet,7.67,7.58,7.42,7.42,7.5,7.5,10,10,10,7.5,0,82.58,8.4,0,0,blue-green,2,"January 6th, 2024"
155,Nicaragua,Finca Las Dos Marias,4 -3.1,"Compare Coperativo Condega, Esteli, Nicaragua",,NicaNoLA Coffee,1350,ESTELI,NicaNoLA Coffee,120,45 kg,Specialty Coffee Association,2021 / 2022,"June 20th, 2022",rene j alcebo,Parainema,Completed,Washed / Wet,7.5,7.58,7.42,7.58,7.5,7.58,10,10,10,7.42,0,82.58,10.1,0,0,green,0,"June 20th, 2023"
156,El Salvador,Agua Caliente,26-Jan,Agua Caliente,9-392-35,Consejo Salvadore??o del Caf??,1200,Apaneca - Ilamatepec,"J.J. Borja Nathan, S.A.",600,30 kg,Salvadoran Coffee Council,2022 / 2023,"March 3rd, 2023",Consejo Salvadore??o del Caf??,Bourbon,Completed,Washed / Wet,7.67,7.33,7.17,7.67,7.83,7.5,10,10,10,7.33,0,82.5,11.3,0,0,green,2,"March 2nd, 2024"
157,Panama,Finca Lerida,P03769,Finca Lerida,29-169-003,Panamerican Coffee Trading,1200,Boquete,Finca Lerida,200,30 kg,Specialty Coffee Association of Costa Rica,2021 / 2022,"May 25th, 2022",Rodrigo Soto,Caturra,Completed,Washed / Wet,7.75,7.67,7.17,7.67,7.42,7.42,10,10,10,7.42,0,82.5,10,0,0,green,0,"May 25th, 2023"
158,Brazil,Fazenda Pedra Preta,MVB-QCert-001/2022,COPAG VARGINHA,002/1643/0049,Man Volcafe Brasil Ltda.,1100,MANTIQUEIRA / SUL DE MINAS,Eduardo Niero de Souza,620,30 kg,Brazil Specialty Coffee Association,2022 / 2023,"November 3rd, 2022",ED&F Man Volcafe Brasil Ltda.,Mundo Novo,Completed,Natural / Dry,7.5,7.58,7.5,7.5,7.67,7.42,10,10,10,7.33,0,82.5,11.8,0,1,bluish-green,1,"November 3rd, 2023"
159,United States (Hawaii),Kainaliu Farm,"The 2022 Pacific Rim Coffee Summit,US03",Aloha Hills Kona Coffee,,Taiwan Coffee Laboratory,640,Kona,Kainaliu-Kona Coffee Company,4,15 kg,Taiwan Coffee Laboratory ?????????????????????,2022,"November 15th, 2022",Taiwan Coffee Laboratory ?????????????????????,Maragogype,Completed,Washed / Wet,7.33,7.58,7.5,7.5,7.5,7.58,10,10,10,7.5,0,82.5,11.7,0,0,blue-green,1,"November 15th, 2023"
160,Mexico,Las Trincheras,"The 2022 Pacific Rim Coffee Summit,MX01",Las Trincheras,,Taiwan Coffee Laboratory,1340,Veracruz,Jose Cienfuegos,10,15 kg,Taiwan Coffee Laboratory ?????????????????????,2021,"November 15th, 2022",Full Sweet Coffee,Pacamara,Completed,Washed / Wet,7.67,7.42,7.5,7.5,7.67,7.42,10,10,10,7.33,0,82.5,10.7,0,0,pale yellow,0,"November 15th, 2023"
161,Honduras,La Cuchilla,185,CIGRAH,13-111-057,Mercon Honduras,1368,"Centro, Lagunetillas - Ajuterique, Comayagua",Fausto Nahun Maldonado,345,30 kg,Instituto Hondure??o del Caf??,2021 / 2022,"May 23rd, 2022",Comercial Internacional de Granos de Honduras SA de CV,Catuai,Completed,Washed / Wet,7.58,7.58,7.33,7.5,7.58,7.42,10,10,10,7.5,0,82.5,10.6,0,0,green,8,"May 23rd, 2023"
162,Taiwan,???????????????,A02-Northern Taiwan Specialty Coffee Evaluation,???????????????,,Taiwu Coffee Cooperative,139,?????????,?????????,1,200 kg,Taiwan Coffee Laboratory ?????????????????????,2021 / 2022,"January 6th, 2023",Taiwu,unknown,Completed,Washed / Wet,7.42,7.42,7.58,7.42,7.58,7.5,10,10,10,7.58,0,82.5,8.4,0,0,green,2,"January 6th, 2024"
163,Nicaragua,Finca Aurora,1,Beneficio Seco Finca Aurora,,Mr.Brown Cafe,1200-1350,"Matagalpa, Nicaragua",Sabio Coffee - Enrique Ferrufino & Tania Ferrufino,275,69 kg,Taiwan Coffee Laboratory ?????????????????????,2021 / 2022,"December 30th, 2022",MR.BROWN CAFE,Caturra-Catuai,Completed,Washed / Wet,7.58,7.58,7.42,7.42,7.5,7.5,10,10,10,7.42,0,82.42,11.4,0,0,bluish-green,0,"December 30th, 2023"
164,Vietnam,Apollo Estate,Apollo Washed 2021,Dry Mill,,"Sunvirtue Co., Ltd.",1040,Dalat,"Yeh,Li Chuan",77,15 kg,Specialty Coffee Association,2021,"June 1st, 2022","Sunvirtue Co., Ltd.",Catimor,Completed,Washed / Wet,7.5,7.5,7.33,7.5,7.5,7.42,10,10,10,7.58,0,82.33,10.5,0,0,bluish-green,0,"June 1st, 2023"
165,El Salvador,Agua Caliente,26-Jan,Agua Caliente,9-392-35,Consejo Salvadore??o del Caf??,1200,Apaneca - Ilamatepec,"J.J. Borja Nathan, S.A.",600,30 kg,Salvadoran Coffee Council,2022 / 2023,"February 21st, 2023",Consejo Salvadore??o del Caf??,Bourbon,Completed,Washed / Wet,7.5,7.5,7.42,7.42,7.42,7.67,10,10,10,7.42,0,82.33,12,0,7,green,10,"February 21st, 2024"
166,El Salvador,Agua Caliente,Jan-74,Agua Caliente,09-392-144,Consejo Salvadore??o del Caf??,1200,Apaneca - Ilamatepec,"J.J. Borja Nathan, S.A.",275,69 kg,Salvadoran Coffee Council,2021 / 2022,"July 7th, 2022",Consejo Salvadore??o del Caf??,Bourbon,Completed,Washed / Wet,7.33,7.67,7.25,7.67,7.83,7.42,10,10,10,7.17,0,82.33,11.8,0,0,bluish-green,0,"July 7th, 2023"
167,Taiwan,????????????,A48-Northern Taiwan Specialty Coffee Evaluation,????????????,,Taiwu Coffee Cooperative,140,?????????,?????????,1,5 kg,Taiwan Coffee Laboratory ?????????????????????,2021 / 2022,"January 6th, 2023",Taiwu,unknown,Completed,Natural / Dry,7.67,7.58,7.42,7.5,7.33,7.42,10,10,10,7.42,0,82.33,10.8,0,0,green,1,"January 6th, 2024"
168,Peru,Fundo La Libertado,PR138,Planta Callao,,Itochu Corporation,1600,"Chanchamayo, La Merced",Sand Crispin Espiritu,275,69 kg,Japan Coffee Exchange,2022 / 2023,"July 11th, 2022",Kiichiro Iwata,Caturra,Completed,Washed / Wet,7.67,7.5,7.33,7.58,7.33,7.42,10,10,10,7.42,0,82.25,11.7,0,1,greenish,3,"July 11th, 2023"
169,United States (Hawaii),Manny's Farm,Islander?€?s Coffee for Pacific Rim Summit,Manny's Farm,,Taiwan Coffee Laboratory,1200,Kona district of Big Island,Manny Ochoa,3,30 kg,Taiwan Coffee Laboratory ?????????????????????,2022,"November 9th, 2022",Taiwan Coffee Laboratory ?????????????????????,Typica,Completed,Washed / Wet,7.75,7.42,7.33,7.5,7.33,7.5,10,10,10,7.33,0,82.17,10.6,1,0,green,5,"November 9th, 2023"
170,Kenya,Kenyan Highlands,CQU2023004,TAYLOR WINCH,,Coffee Quality Union,1500-1950,Kericho,Slelected small holder,13,5 kg,Japan Coffee Exchange,2022,"April 7th, 2023",Coffee Quality Union,"SL28,SL34,Ruiru11",Completed,Washed / Wet,7.5,7.5,7.42,7.5,7.25,7.5,10,10,10,7.5,0,82.17,11.2,0,0,green,2,"April 6th, 2024"
171,Honduras,La Cuchilla,184,CIGRAH,13-111-056,Mercon Honduras,1368,"Centro, Lagunetillas - Ajuterique, Comayagua",Fausto Nahun Maldonado,125,69 kg,Instituto Hondure??o del Caf??,2021 / 2022,"May 23rd, 2022",Comercial Internacional de Granos de Honduras SA de CV,Catuai,Completed,Washed / Wet,7.67,7.5,7.25,7.5,7.5,7.33,10,10,10,7.42,0,82.17,10.6,0,0,green,8,"May 23rd, 2023"
172,Taiwan,????????????,A43-Northern Taiwan Specialty Coffee Evaluation,????????????,,Taiwu Coffee Cooperative,600,?????????,?????????,1,3 kg,Taiwan Coffee Laboratory ?????????????????????,2021 / 2022,"January 6th, 2023",Taiwu,unknown,Completed,Washed / Wet,7.5,7.67,7.33,7.5,7.25,7.33,10,10,10,7.5,0,82.08,9.7,0,0,bluish-green,0,"January 6th, 2024"
173,Taiwan,????????????,A34-Northern Taiwan Specialty Coffee Evaluation,????????????,,Taiwu Coffee Cooperative,460,?????????,?????????,1,60 kg,Taiwan Coffee Laboratory ?????????????????????,2021 / 2022,"January 6th, 2023",Taiwu,unknown,Completed,Pulped natural / honey,7.33,7.42,7.42,7.5,7.42,7.5,10,10,10,7.5,0,82.08,8.1,0,0,greenish,3,"January 6th, 2024"
174,Taiwan,???????????????????????????,A50-Northern Taiwan Specialty Coffee Evaluation,???????????????????????????,,Taiwu Coffee Cooperative,500,?????????,?????????,1,20 kg,Taiwan Coffee Laboratory ?????????????????????,2021 / 2022,"January 6th, 2023",Taiwu,unknown,Completed,Washed / Wet,7.5,7.58,7.42,7.42,7.25,7.42,10,10,10,7.42,0,82,8.2,0,0,green,1,"January 6th, 2024"
175,Thailand,Doi Tung Development Project,MIXED DT 21/22 (Coffea Arabica),Dry Mill,,Doi Tung Development Project,800-1200,North of Thailand,Doi Tung Development Project,2,1 kg,FABB Academy of Coffee,2022,"July 14th, 2022",Doi Tung Development Project,Catimor,Completed,Washed / Wet,7.17,7.5,7.42,7.42,7.58,7.5,10,10,10,7.42,0,82,9.8,0,0,green,0,"July 14th, 2023"
176,Costa Rica,San Diego Mill,S019194 - P04178,Dosmil,5-0015-0228,Beneficios Volcaf?? Costa Rica,1500,Corralillo Tarrazu,San Diego Mill,500,30 kg,Specialty Coffee Association of Costa Rica,2018 / 2019,"March 29th, 2023",Volcafe Japan,Caturra,Completed,Washed / Wet,7.42,7.42,7.42,7.33,7.58,7.33,10,10,10,7.5,0,82,10.5,1,2,green,8,"March 28th, 2024"
177,Guatemala,Not Specificated,SA4238,Dry Mill of Exportcafe,#327,Marubeni Corporation,1350-1550,Oriente,"Exportcafe, S.A.",275,69 kg,Japan Coffee Exchange,2021 / 2022,"November 28th, 2022",Ikuto Uehara,,Completed,Washed / Wet,7.42,7.42,7.42,7.33,7.5,7.42,10,10,10,7.5,0,82,11.5,0,1,blue-green,2,"November 28th, 2023"
178,Indonesia,Wahana Graha Makmur,015/1686/057,PT. Wahana Graha Makmur Medan,,InterAmerican Coffee,1350,Sumatra,PT. Wahana Graha Makmur Group,320,60 kg,NKG Quality Service (a division of Bernhard Rothfos Intercaf?? AG),2022,"August 22nd, 2022",Charles Umeano,,Completed,Pulped natural / honey,7.67,7.33,7.25,7.67,7.42,7.25,10,10,10,7.42,0,82,12.5,0,0,bluish-green,0,"August 22nd, 2023"
179,Peru,Fundo La Libertad,301R,Planta Callao,301R,Itochu Corporation,1600,"Chanchamayo, La Merced",Sandro Crispin Espiritu,275,69 kg,Japan Coffee Exchange,2022 / 2023,"July 11th, 2022",Kiichiro Iwata,Caturra,Completed,Washed / Wet,7.5,7.5,7.33,7.5,7.33,7.33,10,10,10,7.42,0,81.92,11.6,0,2,greenish,2,"July 11th, 2023"
180,Guatemala,MULTIPLE SMALLHOLDER FARMS,GF-23392,MULTIPLE SMALLHOLDER FARMS,11/15/179,"HARU International Corp, ????????????",1200~1600,Antigua,La Minita,540,30 kg,Taiwan Coffee Laboratory ?????????????????????,2022,"November 3rd, 2022",Anderson Wong,Caturra,Completed,Washed / Wet,7.33,7.42,7.33,7.42,7.58,7.42,10,10,10,7.42,0,81.92,10.3,0,0,greenish,1,"November 3rd, 2023"
181,Taiwan,???????€????,A10-Northern Taiwan Specialty Coffee Evaluation,???????€????,,Taiwu Coffee Cooperative,300,?????????,?????€???,1,6 kg,Taiwan Coffee Laboratory ?????????????????????,2021 / 2022,"January 6th, 2023",Taiwu,Typica,Completed,Pulped natural / honey,7.25,7.42,7.42,7.5,7.42,7.42,10,10,10,7.42,0,81.83,11.3,0,0,green,0,"January 6th, 2024"
182,Vietnam,Gaia Farms,221221,Hulling Facility,,Brew Baby Coffee Company,5400,Lam Dong Province,Viet Coffee Company Limited,1,1 kg,Firedancer Coffee Consultants,2022 / 2023,"April 10th, 2023",Rodney Murray,Catimor,Completed,Pulped natural / honey,7.5,7.5,7.25,7.42,7.42,7.42,10,10,10,7.33,0,81.83,11.2,0,0,green,4,"April 9th, 2024"
183,Brazil,Sitio Colinas,CQU2023007,COCARIVE,,Coffee Quality Union,1000,Mantiquira de minas,Luis Flavio Pereira de Castro,14,5 kg,Japan Coffee Exchange,2022,"April 7th, 2023",Coffee Quality Union,Yellow Catuai,Completed,Pulped natural / honey,7.5,7.5,7.42,7.33,7.33,7.33,10,10,10,7.42,0,81.83,11.3,0,0,pale yellow,2,"April 6th, 2024"
184,Brazil,Fazenda Olhos Dagua,1,Owned by producer,,Mr.Brown Cafe,900-1000,Sul de Minas,Paulo Enidio Crabi,325,59 kg,Taiwan Coffee Laboratory ?????????????????????,2021,"December 30th, 2022",MR.BROWN CAFE,Catucai,Completed,Natural / Dry,7.42,7.5,7.58,7.33,7.33,7.25,10,10,10,7.33,0,81.75,11.1,0,0,yellow-green,0,"December 30th, 2023"
185,Colombia,More than one,1,Trilladora CCA Buga,,Mr.Brown Cafe,1574,Santander,More than one,275,70 kg,Taiwan Coffee Laboratory ?????????????????????,2021,"December 30th, 2022",MR.BROWN CAFE,Santander,Completed,Washed / Wet,7.33,7.5,7.33,7.42,7.42,7.42,10,10,10,7.33,0,81.75,11.2,0,0,yellow-green,0,"December 30th, 2023"
186,Mexico,Finca San Jos??,002,"Coatepec, Veracruz",3093,La Villa Coffee Company LLC,1200,"Coatepec, Veracruz",Jos?? Gerardo Gutierrez Morales,32,69 kg,Centro Agroecol??gico del Caf?? A.C.,2021 / 2022,"August 11th, 2022",Alvin La Vaughn Landry,Typica,Completed,Washed / Wet,7.58,7.42,7.25,7.25,7.5,7.33,10,10,10,7.33,0,81.67,11.8,2,0,green,2,"August 11th, 2023"
187,Costa Rica,HACIENDA SAN IGNACIO,OIC 5-019-0037/ Contenedor: DRYU3106597 / Cliente: O COFFEE,Beneficio La Giorgia,,Grupo ECOM,1200,occidente,FJO ORLICH HNO LTDA,100,69 kg,Specialty Coffee Association of Costa Rica,2022 / 2023,"March 29th, 2023",Ruddy Azofeifa,Caturra,Completed,Washed / Wet,7.33,7.42,7.25,7.42,7.42,7.33,10,10,10,7.42,0,81.58,9.7,0,2,green,4,"March 28th, 2024"
188,Taiwan,??????,A46-Northern Taiwan Specialty Coffee Evaluation,??????,,Taiwu Coffee Cooperative,300,?????????,?????????,1,100 kg,Taiwan Coffee Laboratory ?????????????????????,2021 / 2022,"January 6th, 2023",Taiwu,Typica,Completed,Pulped natural / honey,7.42,7.5,7.33,7.33,7.33,7.33,10,10,10,7.33,0,81.58,9,0,0,yellow-green,0,"January 6th, 2024"
189,Taiwan,??????29??????,A38-Northern Taiwan Specialty Coffee Evaluation,??????29??????,,Taiwu Coffee Cooperative,435,?????????,?????????,1,8 kg,Taiwan Coffee Laboratory ?????????????????????,2021 / 2022,"January 6th, 2023",Taiwu,unknown,Completed,Pulped natural / honey,7.33,7.5,7.42,7.33,7.33,7.25,10,10,10,7.33,0,81.5,8.5,0,0,green,0,"January 6th, 2024"
190,Thailand,Doi Tung Development Project,JAVA 21/22 (Coffea Arabica),Dry Mill,,Doi Tung Development Project,1300-1500,North of Thailand,Doi Tung Development Project,2,1 kg,FABB Academy of Coffee,2022,"July 14th, 2022",Doi Tung Development Project,Java,Completed,Washed / Wet,7.33,7.42,7.25,7.33,7.5,7.42,10,10,10,7.17,0,81.42,11.6,2,0,green,1,"July 14th, 2023"
191,Thailand,Doi Lan,"The 2022 Pacific Rim Coffee Summit,TH07",Miramar Coffee,,Taiwan Coffee Laboratory,1400,Chiang Rai,Prakol Saelee,5,15 kg,Taiwan Coffee Laboratory ?????????????????????,2021,"November 15th, 2022",Full Sweet Coffee,Typica Bourbon Caturra Catimor,Completed,Natural / Dry,7.42,7.25,7.33,7.42,7.33,7.33,10,10,10,7.25,0,81.33,10.5,0,0,yellowish,5,"November 15th, 2023"
192,Thailand,Doi Tung Development Project,MIXED 21/22 (Coffea Arabica),Dry Mill,,Doi Tung Development Project,600-800,North of Thailand,Doi Tung Development Project,2,1 kg,FABB Academy of Coffee,2022,"July 14th, 2022",Doi Tung Development Project,Catimor,Completed,Washed / Wet,7.25,7.25,7.42,7.25,7.42,7.42,10,10,10,7.17,0,81.17,10.4,0,0,green,0,"July 14th, 2023"
193,Colombia,Escalera,CQU2022019,Escalera,,Coffee Quality Union,1300-1800,Cauca,Escalera,1,30 kg,Japan Coffee Exchange,2021 / 2022,"December 22nd, 2022",Coffee Quality Union,"Caturra,Colombia,Castillo",Completed,Washed / Wet,7.42,7.25,7.25,7.42,7.17,7.33,10,10,10,7.33,0,81.17,11.4,0,2,greenish,2,"December 22nd, 2023"
194,Brazil,Various farm,0038,Dry Mill of Cocapil,002/1738/0038,Marubeni Corporation,1200,Alta Mogiana-Ibiraci,Cocapil,440,60 kg,Japan Coffee Exchange,2022 / 2023,"April 17th, 2023",Ikuto Uehara,,Completed,Natural / Dry,7.42,7.42,7.25,7.25,7.17,7.25,10,10,10,7.25,0,81,10.6,0,2,greenish,1,"April 16th, 2024"
195,El Salvador,"Rosario de Maria II, Area de Loma Alta",0623C01,"Optimum Coffee, San Salvador, El Salvador",,Aprentium Enterprises LLC,1400,"Volcan Chinchontepek, San Vicente, El Salvador",Roselia Yglesias,1,2 kg,Salvadoran Coffee Council,2023,"March 8th, 2023",Roselia Yglesias,Bourbon,Completed,Natural / Dry,7.42,7.33,7.33,7.5,7.08,7,10,10,10,7.17,0,80.83,10.5,0,8,bluish-green,7,"March 7th, 2024"
196,Nicaragua,EXPORTADORA ATLANTIC S.A,017/053/0603,Lavado,,ISHIMITSU,1100,,Varios Productores,275,69 kg,Japan Coffee Exchange,2021,"July 11th, 2022",????????????,Caturra,Completed,Washed / Wet,7.25,7.25,7.17,7.33,7.08,7.25,10,10,10,7.17,0,80.5,11.5,0,1,greenish,3,"July 11th, 2023"
197,Nicaragua,Sajonia Estate Coffee S.A.,1,Sajonia Estate Coffee S.A.,017/411,SAJONIA ESTATE COFFEE S.A.,1000,Jinotega,Sajonia Estate Coffee S.A.,275,69 kg,Asociaci??n de Caf??s Especiales de Nicaragua,2022 / 2023,"April 20th, 2023",SAJONIA ESTATE COFFEE S.A.,Sarchimor,Completed,Washed / Wet,7.42,7.17,7,7.08,7.42,7.17,10,10,10,7.17,0,80.42,11.2,0,0,green,5,"April 19th, 2024"
198,Colombia,Finca Mallorca,CQU2023001,Finca Mallorca,,Coffee Quality Union,1600,"Caicedonia,Valle del Cauca",Finca Mallorca,3,10 kg,Japan Coffee Exchange,2022,"March 6th, 2023",Coffee Quality Union,"Castillo,Caturra,Bourbon",Completed,Washed / Wet,7.25,7.25,7.17,7.33,7,7.17,10,10,10,7.25,0,80.42,11,0,3,greenish,3,"March 5th, 2024"
199,Peru,Fundo La Libertad,PR137,Callao Plant,,Itochu Corporation,1600,"Chanchamayo, Lamerced",Sandro Crispin Espiritu,275,69 kg,Japan Coffee Exchange,2022 / 2023,"June 10th, 2022",Kiichiro Iwata,Caturra,Completed,Washed / Wet,7.5,7.25,7.17,7.17,7.17,7.08,10,10,10,7,0,80.33,11.8,0,6,greenish,11,"June 10th, 2023"
200,El Salvador,"Rosario de Maria II, Area de Menjivar",0523B01,"Optimum Coffee, San Salvador, El Salvador",,Aprentium Enterprises LLC,1300,"Volcan Chinchontepek, San Vicente, El Salvador",Roselia Yglesias,1,2 kg,Salvadoran Coffee Council,2023,"March 8th, 2023",Roselia Yglesias,Pacas,Completed,Natural / Dry,7.08,7.25,7.08,7.42,7.42,7.08,10,10,10,7,0,80.33,11.5,0,10,bluish-green,7,"March 7th, 2024"
201,Brazil,Various farm,002/1738/0029,Dry mill,002/1738/0029,marubeni,1200,Alta Mogiana-Ibiraci,COCAPIL,440,60 kg,Japan Coffee Exchange,2021 / 2022,"July 20th, 2022",Ikuto Uehara,Catuai and Mundo Novo,Completed,Natural / Dry,7.25,7.17,7.17,7.08,7.17,7.17,10,10,10,7.17,0,80.17,11.6,0,1,greenish,2,"July 20th, 2023"
202,Brazil,Fazenda Conquista,019/22,Dry Mill,,Ipanema Coffees,950,Sul de Minas,Ipanema Coffees,2240,60 kg,Brazil Specialty Coffee Association,2022 / 2023,"February 2nd, 2023",Ipanema Coffees,Mundo Novo,Completed,Natural / Dry,7.17,7.17,6.92,7.17,7.42,7.17,10,10,10,7.08,0,80.08,11.4,0,0,green,4,"February 2nd, 2024"
203,Nicaragua,Finca San Felipe,017-053-0155,Beneficio Atlantic S??baco,017-053-0155,Exportadora Atlantic S.A,1200,Matagalpa,Exportadora Atlantic S.A.,300,30 kg,Asociaci??n de Caf??s Especiales de Nicaragua,2022 / 2023,"March 3rd, 2023","Exportadora Atlantic, S.A.",SHG,Completed,Natural / Dry,7.33,7.08,6.75,7.17,7.42,7.17,10,10,10,7.08,0,80,10.4,0,2,green,12,"March 2nd, 2024"
204,Laos,-,105/3/VL7285-005,DRY MILL,105/3/VL7285-005,Marubeni Corporation,1300,Bolaven Plateau,"LAO MINH TIEN COFFEE SOLE CO.,LTD",343,60 kg,Japan Coffee Exchange,2021 / 2022,"November 11th, 2022",Ikuto Uehara,Catimor,Completed,Washed / Wet,7.25,7.17,7.08,7,7.08,7.08,10,10,10,7,0,79.67,11.6,0,9,green,11,"November 11th, 2023"
205,El Salvador,"Rosario de Maria II, Area de La Pila",0423A01,"Optimum Coffee, San Salvador, El Salvador",,Aprentium Enterprises LLC,1200,"Volcan de San Vicente, La Paz, El Salvador",Roselia Yglesias,1,2 kg,Salvadoran Coffee Council,2023,"March 8th, 2023",Roselia Yglesias,Maragogype,Completed,Natural / Dry,6.5,6.75,6.75,7.17,7.08,7,10,10,10,6.83,0,78.08,11,0,12,bluish-green,13,"March 7th, 2024"
206,Brazil,Walter Matter,1058 y 1059,Beneficio humedo/seco,002/1208/1016,Descafeinadores Mexicano SA. de CV,850-1100,Minas Gerais,Walter Matter,600,60 kg,Centro Agroecol??gico del Caf?? A.C.,2021 / 2022,"November 18th, 2022",Descafeinadores Mexicanos S.A de C.V,Mundo Novo,Completed,SEMI-LAVADO,7.25,7.08,6.67,6.83,6.83,6.67,10,10,10,6.67,0,78,11.3,0,0,green,1,"November 18th, 2023"
